intensity|occurred_at
mellan|2025-12-22T03:05:13+01:00
lite|2025-12-22T06:52:02+01:00
mycket|2025-12-22T08:08:15+01:00
mellan|2025-12-22T08:27:21+01:00
mellan|2025-12-22T08:59:24+01:00
mellan|2025-12-22T09:48:21+01:00
lite|2025-12-22T10:20:53+01:00
mellan|2025-12-22T11:02:46+01:00
lite|2025-12-22T11:40:39+01:00
lite|2025-12-22T11:55:00+01:00
mycket|2025-12-22T11:59:40+01:00
mycket|2025-12-22T12:42:17+01:00
lite|2025-12-22T13:04:13+01:00
mellan|2025-12-22T13:12:45+01:00
mellan|2025-12-22T13:22:54+01:00
mellan|2025-12-22T15:53:23+01:00
mycket|2025-12-22T16:56:58+01:00
mellan|2025-12-22T17:15:10+01:00
mellan|2025-12-22T17:45:20+01:00
mellan|2025-12-22T17:47:37+01:00
mycket|2025-12-22T18:35:12+01:00
mycket|2025-12-22T19:04:38+01:00
lite|2025-12-22T19:49:18+01:00
mellan|2025-12-22T20:26:14+01:00
mycket|2025-12-22T20:34:05+01:00
mellan|2025-12-22T21:55:06+01:00
mellan|2025-12-23T00:20:31+01:00
mycket|2025-12-23T06:01:37+01:00
mellan|2025-12-23T06:04:57+01:00
lite|2025-12-23T07:40:19+01:00
lite|2025-12-23T07:46:31+01:00
lite|2025-12-23T08:31:05+01:00
mycket|2025-12-23T08:49:59+01:00
mycket|2025-12-23T10:15:56+01:00
mellan|2025-12-23T13:42:41+01:00
mycket|2025-12-23T15:46:56+01:00
mellan|2025-12-23T16:12:09+01:00
mycket|2025-12-23T17:00:43+01:00
mycket|2025-12-23T18:00:04+01:00
lite|2025-12-23T18:23:14+01:00
mellan|2025-12-23T18:29:33+01:00
mellan|2025-12-23T19:07:18+01:00
mellan|2025-12-23T19:34:48+01:00
mellan|2025-12-23T19:35:10+01:00
mellan|2025-12-23T19:38:04+01:00
mycket|2025-12-23T20:44:12+01:00
mellan|2025-12-23T21:09:40+01:00
lite|2025-12-23T22:27:13+01:00
mellan|2025-12-23T22:28:07+01:00
lite|2025-12-23T22:56:53+01:00
mellan|2025-12-23T23:34:49+01:00
mycket|2025-12-23T23:48:11+01:00
mycket|2025-12-24T06:37:30+01:00
lite|2025-12-24T07:41:34+01:00
mellan|2025-12-24T07:42:27+01:00
lite|2025-12-24T07:51:55+01:00
lite|2025-12-24T08:18:13+01:00
mellan|2025-12-24T08:31:30+01:00
lite|2025-12-24T09:29:15+01:00
mellan|2025-12-24T09:34:28+01:00
mellan|2025-12-24T10:30:51+01:00
mycket|2025-12-24T11:31:13+01:00
mellan|2025-12-24T13:03:10+01:00
mellan|2025-12-24T14:55:46+01:00
lite|2025-12-24T15:27:44+01:00
mycket|2025-12-24T18:34:03+01:00
mellan|2025-12-24T19:41:06+01:00
mellan|2025-12-24T20:51:55+01:00
mycket|2025-12-24T20:56:36+01:00
lite|2025-12-24T23:16:59+01:00
mycket|2025-12-24T23:35:42+01:00
lite|2025-12-24T23:59:48+01:00
lite|2025-12-25T05:23:57+01:00
mellan|2025-12-25T06:15:23+01:00
mycket|2025-12-25T07:11:04+01:00
mellan|2025-12-25T07:56:08+01:00
mycket|2025-12-25T08:28:35+01:00
mellan|2025-12-25T10:58:54+01:00
mellan|2025-12-25T11:13:45+01:00
lite|2025-12-25T12:08:40+01:00
mellan|2025-12-25T13:35:09+01:00
mellan|2025-12-25T14:34:45+01:00
mellan|2025-12-25T16:08:59+01:00
mellan|2025-12-25T16:59:16+01:00
lite|2025-12-25T17:07:04+01:00
lite|2025-12-25T17:55:26+01:00
mycket|2025-12-25T18:26:42+01:00
mellan|2025-12-25T19:09:34+01:00
mellan|2025-12-25T19:15:25+01:00
mellan|2025-12-25T19:19:29+01:00
lite|2025-12-25T19:35:19+01:00
mellan|2025-12-25T19:42:06+01:00
mellan|2025-12-25T19:53:17+01:00
mycket|2025-12-25T19:54:16+01:00
mellan|2025-12-25T20:04:00+01:00
mellan|2025-12-25T20:15:16+01:00
mellan|2025-12-25T20:59:59+01:00
lite|2025-12-25T21:10:03+01:00
mycket|2025-12-25T22:15:37+01:00
mellan|2025-12-25T22:47:35+01:00
mellan|2025-12-25T23:02:57+01:00
mycket|2025-12-25T23:06:04+01:00
mycket|2025-12-25T23:51:41+01:00
mycket|2025-12-26T00:59:51+01:00
mellan|2025-12-26T02:56:16+01:00
mellan|2025-12-26T05:30:14+01:00
lite|2025-12-26T08:02:15+01:00
mellan|2025-12-26T08:44:06+01:00
mellan|2025-12-26T09:26:01+01:00
mycket|2025-12-26T09:42:24+01:00
lite|2025-12-26T10:19:14+01:00
mycket|2025-12-26T12:44:18+01:00
lite|2025-12-26T13:04:42+01:00
mellan|2025-12-26T13:17:55+01:00
mycket|2025-12-26T14:37:38+01:00
mellan|2025-12-26T14:46:50+01:00
mellan|2025-12-26T15:28:43+01:00
mycket|2025-12-26T15:57:50+01:00
mellan|2025-12-26T17:00:19+01:00
lite|2025-12-26T18:05:52+01:00
mycket|2025-12-26T18:16:02+01:00
mellan|2025-12-26T18:32:07+01:00
mellan|2025-12-26T18:42:54+01:00
mycket|2025-12-26T19:18:32+01:00
mellan|2025-12-26T19:47:51+01:00
mellan|2025-12-26T19:53:34+01:00
mycket|2025-12-26T20:22:41+01:00
mycket|2025-12-26T20:47:47+01:00
mycket|2025-12-26T22:14:01+01:00
lite|2025-12-26T22:22:19+01:00
mycket|2025-12-26T22:32:19+01:00
mellan|2025-12-26T22:39:36+01:00
mellan|2025-12-26T22:50:59+01:00
mellan|2025-12-26T23:16:02+01:00
mycket|2025-12-27T06:26:21+01:00
mellan|2025-12-27T07:18:15+01:00
mycket|2025-12-27T08:29:42+01:00
lite|2025-12-27T10:40:17+01:00
mycket|2025-12-27T10:44:09+01:00
mellan|2025-12-27T11:20:13+01:00
mellan|2025-12-27T12:34:05+01:00
mellan|2025-12-27T12:56:24+01:00
mellan|2025-12-27T13:25:15+01:00
lite|2025-12-27T13:42:43+01:00
mellan|2025-12-27T14:13:53+01:00
mellan|2025-12-27T14:55:29+01:00
mellan|2025-12-27T15:47:34+01:00
mellan|2025-12-27T16:17:27+01:00
mellan|2025-12-27T16:40:15+01:00
lite|2025-12-27T17:20:48+01:00
mellan|2025-12-27T17:58:54+01:00
mellan|2025-12-27T18:42:01+01:00
mycket|2025-12-27T18:46:57+01:00
mellan|2025-12-27T18:49:04+01:00
lite|2025-12-27T19:57:48+01:00
mellan|2025-12-27T20:30:28+01:00
lite|2025-12-27T20:51:38+01:00
lite|2025-12-27T20:53:29+01:00
lite|2025-12-27T21:35:28+01:00
mellan|2025-12-27T21:44:33+01:00
mellan|2025-12-27T22:19:48+01:00
mycket|2025-12-27T22:36:12+01:00
mellan|2025-12-27T22:36:24+01:00
mellan|2025-12-27T22:37:44+01:00
mellan|2025-12-27T22:49:27+01:00
mycket|2025-12-27T22:53:26+01:00
mellan|2025-12-27T23:14:41+01:00
lite|2025-12-27T23:26:16+01:00
lite|2025-12-27T23:34:01+01:00
lite|2025-12-28T03:15:12+01:00
mycket|2025-12-28T07:13:29+01:00
mellan|2025-12-28T08:36:50+01:00
mellan|2025-12-28T09:15:46+01:00
mycket|2025-12-28T10:17:56+01:00
mellan|2025-12-28T10:59:05+01:00
mellan|2025-12-28T12:31:13+01:00
lite|2025-12-28T12:43:58+01:00
mellan|2025-12-28T13:45:12+01:00
mycket|2025-12-28T15:48:29+01:00
mycket|2025-12-28T16:27:23+01:00
mellan|2025-12-28T17:15:44+01:00
mellan|2025-12-28T17:42:23+01:00
mellan|2025-12-28T18:15:08+01:00
mellan|2025-12-28T19:00:54+01:00
mellan|2025-12-28T19:21:01+01:00
mellan|2025-12-28T19:40:15+01:00
lite|2025-12-28T20:07:49+01:00
mycket|2025-12-28T20:10:38+01:00
mycket|2025-12-28T20:41:17+01:00
mycket|2025-12-28T20:54:43+01:00
mellan|2025-12-28T21:37:17+01:00
mellan|2025-12-28T21:45:09+01:00
mycket|2025-12-28T22:35:00+01:00
mellan|2025-12-28T22:49:30+01:00
mellan|2025-12-28T23:06:37+01:00
mellan|2025-12-29T08:12:20+01:00
mycket|2025-12-29T09:30:17+01:00
mellan|2025-12-29T10:44:15+01:00
mellan|2025-12-29T14:47:35+01:00
mellan|2025-12-29T16:50:01+01:00
mellan|2025-12-29T17:48:44+01:00
mycket|2025-12-29T18:30:35+01:00
mellan|2025-12-29T20:17:19+01:00
mellan|2025-12-29T23:33:38+01:00
mycket|2025-12-30T00:28:44+01:00
mycket|2025-12-30T07:48:26+01:00
mellan|2025-12-30T08:11:35+01:00
mycket|2025-12-30T09:13:16+01:00
mellan|2025-12-30T10:11:19+01:00
mycket|2025-12-30T11:07:29+01:00
mycket|2025-12-30T11:14:18+01:00
mellan|2025-12-30T11:30:28+01:00
mycket|2025-12-30T12:47:52+01:00
lite|2025-12-30T14:38:02+01:00
lite|2025-12-30T15:28:19+01:00
lite|2025-12-30T17:17:02+01:00
lite|2025-12-30T17:19:05+01:00
lite|2025-12-30T17:41:09+01:00
mycket|2025-12-30T17:44:08+01:00
mellan|2025-12-30T18:03:09+01:00
lite|2025-12-30T18:47:06+01:00
mycket|2025-12-30T19:17:32+01:00
mellan|2025-12-30T19:59:12+01:00
mellan|2025-12-30T20:06:55+01:00
mycket|2025-12-30T20:29:04+01:00
mellan|2025-12-30T20:38:16+01:00
mellan|2025-12-30T21:04:03+01:00
mycket|2025-12-30T21:14:49+01:00
mellan|2025-12-30T21:25:31+01:00
mycket|2025-12-30T22:50:50+01:00
mellan|2025-12-30T23:16:55+01:00
mycket|2025-12-30T23:19:36+01:00
mellan|2025-12-31T07:53:58+01:00
mycket|2025-12-31T08:35:00+01:00
lite|2025-12-31T09:35:08+01:00
mycket|2025-12-31T09:37:27+01:00
lite|2025-12-31T10:43:53+01:00
lite|2025-12-31T11:02:48+01:00
mycket|2025-12-31T11:19:53+01:00
mellan|2025-12-31T11:50:54+01:00
lite|2025-12-31T12:42:06+01:00
mellan|2025-12-31T12:44:31+01:00
mellan|2025-12-31T14:12:33+01:00
mellan|2025-12-31T14:30:30+01:00
mellan|2025-12-31T14:44:31+01:00
mellan|2025-12-31T15:20:16+01:00
lite|2025-12-31T15:41:28+01:00
mellan|2025-12-31T16:05:30+01:00
lite|2025-12-31T16:56:08+01:00
lite|2025-12-31T17:24:12+01:00
mycket|2025-12-31T18:01:48+01:00
lite|2025-12-31T20:40:28+01:00
mycket|2025-12-31T22:18:32+01:00
lite|2025-12-31T22:32:17+01:00
mellan|2025-12-31T22:41:53+01:00
mycket|2025-12-31T22:52:48+01:00
mycket|2025-12-31T23:25:55+01:00
mellan|2025-12-31T23:38:51+01:00
mycket|2025-12-31T23:42:55+01:00
lite|2026-01-01T00:51:29+01:00
lite|2026-01-01T01:09:26+01:00
lite|2026-01-01T06:40:43+01:00
mellan|2026-01-01T06:50:03+01:00
mycket|2026-01-01T07:21:54+01:00
lite|2026-01-01T07:40:45+01:00
mycket|2026-01-01T07:55:24+01:00
mellan|2026-01-01T08:34:30+01:00
mellan|2026-01-01T09:24:54+01:00
mycket|2026-01-01T10:36:22+01:00
mellan|2026-01-01T10:58:37+01:00
mellan|2026-01-01T11:39:44+01:00
mellan|2026-01-01T12:12:44+01:00
lite|2026-01-01T12:30:45+01:00
mycket|2026-01-01T12:37:19+01:00
mycket|2026-01-01T13:09:15+01:00
lite|2026-01-01T13:42:50+01:00
mellan|2026-01-01T13:54:49+01:00
lite|2026-01-01T14:16:29+01:00
lite|2026-01-01T14:44:19+01:00
mellan|2026-01-01T15:16:29+01:00
mycket|2026-01-01T17:20:40+01:00
mellan|2026-01-01T17:34:24+01:00
mellan|2026-01-01T17:50:11+01:00
mellan|2026-01-01T19:10:04+01:00
mycket|2026-01-01T19:17:00+01:00
mellan|2026-01-01T20:55:34+01:00
lite|2026-01-01T21:06:33+01:00
lite|2026-01-01T23:04:30+01:00
lite|2026-01-01T23:18:01+01:00
mellan|2026-01-01T23:21:55+01:00
mellan|2026-01-01T23:31:02+01:00
mellan|2026-01-01T23:47:05+01:00
mellan|2026-01-02T02:56:35+01:00
mellan|2026-01-02T05:50:28+01:00
mellan|2026-01-02T07:02:02+01:00
lite|2026-01-02T07:48:14+01:00
mycket|2026-01-02T08:06:57+01:00
mycket|2026-01-02T08:29:23+01:00
mellan|2026-01-02T09:12:39+01:00
mellan|2026-01-02T12:26:11+01:00
lite|2026-01-02T13:08:05+01:00
mellan|2026-01-02T13:50:25+01:00
mycket|2026-01-02T15:44:19+01:00
lite|2026-01-02T16:06:15+01:00
mycket|2026-01-02T17:29:23+01:00
mycket|2026-01-02T18:41:04+01:00
lite|2026-01-02T19:37:24+01:00
lite|2026-01-02T19:47:03+01:00
lite|2026-01-02T20:14:38+01:00
lite|2026-01-02T20:25:54+01:00
mycket|2026-01-02T20:49:42+01:00
lite|2026-01-02T20:53:57+01:00
mellan|2026-01-02T21:30:51+01:00
mycket|2026-01-02T21:56:23+01:00
mellan|2026-01-02T22:06:43+01:00
mellan|2026-01-02T22:51:07+01:00
mellan|2026-01-02T22:53:10+01:00
mellan|2026-01-03T01:50:50+01:00
lite|2026-01-03T05:50:58+01:00
mellan|2026-01-03T06:30:54+01:00
mycket|2026-01-03T07:13:41+01:00
lite|2026-01-03T07:32:14+01:00
mycket|2026-01-03T07:43:23+01:00
mellan|2026-01-03T08:42:55+01:00
lite|2026-01-03T09:07:54+01:00
lite|2026-01-03T09:28:15+01:00
mellan|2026-01-03T12:11:16+01:00
mycket|2026-01-03T13:17:02+01:00
mellan|2026-01-03T14:06:53+01:00
mellan|2026-01-03T14:47:46+01:00
mycket|2026-01-03T15:49:23+01:00
lite|2026-01-03T16:29:41+01:00
lite|2026-01-03T19:31:45+01:00
mycket|2026-01-03T20:33:07+01:00
lite|2026-01-03T21:14:21+01:00
mycket|2026-01-03T21:35:13+01:00
mellan|2026-01-03T21:38:00+01:00
mellan|2026-01-03T23:03:50+01:00
mellan|2026-01-03T23:08:34+01:00
mellan|2026-01-03T23:22:03+01:00
mellan|2026-01-03T23:50:36+01:00
mycket|2026-01-04T06:17:39+01:00
mycket|2026-01-04T07:05:20+01:00
lite|2026-01-04T07:44:07+01:00
mellan|2026-01-04T09:28:56+01:00
lite|2026-01-04T17:20:24+01:00
mycket|2026-01-04T17:29:32+01:00
mycket|2026-01-04T19:49:35+01:00
lite|2026-01-05T06:47:40+01:00
mellan|2026-01-05T07:32:13+01:00
mellan|2026-01-05T07:33:13+01:00
lite|2026-01-05T08:03:37+01:00
mycket|2026-01-05T09:09:36+01:00
mycket|2026-01-05T10:27:54+01:00
mellan|2026-01-05T12:36:38+01:00
mellan|2026-01-05T14:06:20+01:00
mellan|2026-01-05T14:47:47+01:00
mellan|2026-01-05T15:05:53+01:00
mellan|2026-01-05T15:10:23+01:00
mellan|2026-01-05T15:54:06+01:00
mellan|2026-01-05T17:07:48+01:00
mycket|2026-01-05T17:38:59+01:00
mellan|2026-01-05T17:42:07+01:00
mellan|2026-01-05T19:01:11+01:00
mycket|2026-01-05T19:23:09+01:00
mellan|2026-01-05T20:18:38+01:00
mycket|2026-01-05T20:39:39+01:00
mellan|2026-01-05T20:58:21+01:00
lite|2026-01-05T22:48:27+01:00
lite|2026-01-06T01:58:04+01:00
mycket|2026-01-06T06:10:48+01:00
mellan|2026-01-06T06:32:04+01:00
mellan|2026-01-06T07:27:37+01:00
mycket|2026-01-06T07:55:19+01:00
mellan|2026-01-06T07:55:47+01:00
mycket|2026-01-06T08:24:34+01:00
mellan|2026-01-06T09:08:48+01:00
mellan|2026-01-06T10:11:38+01:00
mellan|2026-01-06T10:49:10+01:00
mellan|2026-01-06T11:43:37+01:00
mycket|2026-01-06T12:00:31+01:00
mellan|2026-01-06T12:51:39+01:00
mellan|2026-01-06T14:07:25+01:00
mellan|2026-01-06T14:19:50+01:00
lite|2026-01-06T15:03:23+01:00
mellan|2026-01-06T16:28:26+01:00
lite|2026-01-06T16:53:42+01:00
mellan|2026-01-06T18:00:13+01:00
mellan|2026-01-06T18:09:28+01:00
mycket|2026-01-06T18:29:48+01:00
mycket|2026-01-06T18:36:25+01:00
lite|2026-01-06T18:43:59+01:00
mellan|2026-01-06T19:02:14+01:00
mellan|2026-01-06T19:09:15+01:00
mycket|2026-01-06T19:17:28+01:00
mellan|2026-01-06T19:23:05+01:00
mellan|2026-01-06T19:33:32+01:00
lite|2026-01-06T19:39:20+01:00
lite|2026-01-06T20:04:11+01:00
mellan|2026-01-06T20:07:22+01:00
lite|2026-01-06T20:22:46+01:00
mycket|2026-01-07T05:58:51+01:00
mellan|2026-01-07T08:15:45+01:00
mellan|2026-01-07T08:45:05+01:00
mycket|2026-01-07T09:38:30+01:00
mellan|2026-01-07T10:08:09+01:00
mellan|2026-01-07T10:28:39+01:00
lite|2026-01-07T10:41:30+01:00
mellan|2026-01-07T11:57:32+01:00
mellan|2026-01-07T12:37:42+01:00
lite|2026-01-07T12:38:03+01:00
mycket|2026-01-07T12:41:44+01:00
mellan|2026-01-07T12:49:39+01:00
mellan|2026-01-07T12:51:50+01:00
lite|2026-01-07T13:10:11+01:00
mellan|2026-01-07T13:18:24+01:00
lite|2026-01-07T13:33:26+01:00
lite|2026-01-07T13:50:21+01:00
mycket|2026-01-07T14:26:23+01:00
mellan|2026-01-07T14:33:39+01:00
mycket|2026-01-07T15:35:50+01:00
mellan|2026-01-07T16:01:23+01:00
lite|2026-01-07T17:06:45+01:00
mellan|2026-01-07T19:04:21+01:00
mycket|2026-01-07T19:18:16+01:00
lite|2026-01-07T19:53:47+01:00
lite|2026-01-07T19:58:38+01:00
mycket|2026-01-07T20:28:14+01:00
mellan|2026-01-07T20:51:57+01:00
lite|2026-01-07T21:06:32+01:00
lite|2026-01-07T21:18:05+01:00
lite|2026-01-07T21:23:43+01:00
mycket|2026-01-07T21:39:38+01:00
mycket|2026-01-07T21:45:05+01:00
mellan|2026-01-07T21:51:38+01:00
mellan|2026-01-07T21:56:33+01:00
mycket|2026-01-07T22:05:41+01:00
mellan|2026-01-07T23:21:49+01:00
lite|2026-01-07T23:28:06+01:00
mellan|2026-01-07T23:29:49+01:00
mellan|2026-01-08T01:13:53+01:00
mellan|2026-01-08T04:41:12+01:00
mellan|2026-01-08T06:53:57+01:00
mellan|2026-01-08T07:14:01+01:00
mellan|2026-01-08T07:45:41+01:00
lite|2026-01-08T08:02:18+01:00
lite|2026-01-08T09:02:20+01:00
mycket|2026-01-08T10:40:50+01:00
mellan|2026-01-08T11:51:23+01:00
mellan|2026-01-08T12:04:22+01:00
mellan|2026-01-08T12:36:26+01:00
lite|2026-01-08T12:41:11+01:00
mellan|2026-01-08T13:23:15+01:00
lite|2026-01-08T14:58:14+01:00
mellan|2026-01-08T15:18:12+01:00
lite|2026-01-08T15:39:00+01:00
lite|2026-01-08T15:53:08+01:00
mellan|2026-01-08T16:52:34+01:00
mellan|2026-01-08T17:24:55+01:00
lite|2026-01-08T17:32:50+01:00
mycket|2026-01-08T17:40:32+01:00
mycket|2026-01-08T19:06:49+01:00
mycket|2026-01-08T19:23:16+01:00
mellan|2026-01-08T19:33:23+01:00
mycket|2026-01-08T19:44:30+01:00
mellan|2026-01-08T20:08:02+01:00
mellan|2026-01-08T20:15:19+01:00
mellan|2026-01-08T20:18:27+01:00
mycket|2026-01-08T21:03:55+01:00
lite|2026-01-08T21:04:45+01:00
mellan|2026-01-08T22:38:33+01:00
mellan|2026-01-08T22:59:01+01:00
mycket|2026-01-09T02:11:31+01:00
mellan|2026-01-09T07:08:33+01:00
mellan|2026-01-09T10:41:23+01:00
mellan|2026-01-09T11:50:03+01:00
mycket|2026-01-09T12:05:20+01:00
lite|2026-01-09T12:17:15+01:00
mellan|2026-01-09T12:38:45+01:00
mellan|2026-01-09T15:23:23+01:00
mycket|2026-01-09T16:59:51+01:00
mycket|2026-01-09T18:52:11+01:00
lite|2026-01-09T19:01:09+01:00
mellan|2026-01-09T19:22:28+01:00
lite|2026-01-09T19:23:32+01:00
mellan|2026-01-09T19:28:02+01:00
mellan|2026-01-09T21:46:27+01:00
lite|2026-01-09T22:07:16+01:00
lite|2026-01-09T22:22:39+01:00
mellan|2026-01-09T23:02:38+01:00
mellan|2026-01-09T23:21:11+01:00
mycket|2026-01-10T03:56:40+01:00
mellan|2026-01-10T05:55:01+01:00
lite|2026-01-10T06:34:18+01:00
lite|2026-01-10T07:12:40+01:00
mycket|2026-01-10T07:41:10+01:00
mellan|2026-01-10T08:12:50+01:00
lite|2026-01-10T08:32:58+01:00
mellan|2026-01-10T08:59:45+01:00
mycket|2026-01-10T09:36:26+01:00
mycket|2026-01-10T11:40:19+01:00
mellan|2026-01-10T12:04:28+01:00
mellan|2026-01-10T13:36:04+01:00
mellan|2026-01-10T13:51:35+01:00
mycket|2026-01-10T14:05:51+01:00
lite|2026-01-10T16:08:56+01:00
lite|2026-01-10T17:37:11+01:00
mycket|2026-01-10T18:10:42+01:00
mellan|2026-01-10T19:19:30+01:00
mycket|2026-01-10T19:50:23+01:00
mellan|2026-01-10T20:13:39+01:00
mellan|2026-01-10T20:30:33+01:00
mycket|2026-01-10T21:01:23+01:00
mellan|2026-01-10T21:20:42+01:00
lite|2026-01-10T21:28:11+01:00
mellan|2026-01-10T21:33:09+01:00
lite|2026-01-10T21:45:45+01:00
mellan|2026-01-10T22:04:19+01:00
lite|2026-01-10T22:21:53+01:00
mellan|2026-01-10T22:31:12+01:00
mellan|2026-01-10T22:33:57+01:00
mellan|2026-01-10T23:49:36+01:00
lite|2026-01-11T05:45:21+01:00
lite|2026-01-11T07:18:24+01:00
mellan|2026-01-11T08:55:45+01:00
mellan|2026-01-11T08:59:39+01:00
mellan|2026-01-11T09:35:18+01:00
mellan|2026-01-11T12:03:18+01:00
mellan|2026-01-11T12:23:48+01:00
mellan|2026-01-11T12:36:46+01:00
mycket|2026-01-11T13:25:03+01:00
mellan|2026-01-11T13:29:15+01:00
mellan|2026-01-11T13:35:06+01:00
lite|2026-01-11T13:39:47+01:00
mellan|2026-01-11T14:29:13+01:00
mellan|2026-01-11T14:55:57+01:00
mellan|2026-01-11T15:17:28+01:00
mellan|2026-01-11T15:44:03+01:00
lite|2026-01-11T16:09:38+01:00
mellan|2026-01-11T16:36:19+01:00
mellan|2026-01-11T16:48:35+01:00
mellan|2026-01-11T17:54:06+01:00
mellan|2026-01-11T18:25:32+01:00
mycket|2026-01-11T18:32:53+01:00
mellan|2026-01-11T20:31:32+01:00
mellan|2026-01-11T22:31:01+01:00
mellan|2026-01-11T22:41:43+01:00
lite|2026-01-11T22:46:23+01:00
mellan|2026-01-11T23:22:25+01:00
lite|2026-01-11T23:25:23+01:00
mellan|2026-01-11T23:43:39+01:00
mellan|2026-01-12T01:20:26+01:00
mellan|2026-01-12T01:21:43+01:00
mellan|2026-01-12T06:08:33+01:00
mellan|2026-01-12T09:45:31+01:00
mellan|2026-01-12T10:36:44+01:00
mellan|2026-01-12T11:19:49+01:00
lite|2026-01-12T11:41:50+01:00
lite|2026-01-12T12:11:29+01:00
lite|2026-01-12T12:22:43+01:00
mycket|2026-01-12T12:42:30+01:00
lite|2026-01-12T14:19:50+01:00
mycket|2026-01-12T15:33:40+01:00
mellan|2026-01-12T18:12:15+01:00
mellan|2026-01-12T18:14:46+01:00
lite|2026-01-12T19:26:32+01:00
lite|2026-01-12T20:24:09+01:00
mycket|2026-01-12T20:41:51+01:00
mycket|2026-01-12T22:40:01+01:00
mycket|2026-01-12T22:55:54+01:00
mellan|2026-01-13T05:45:05+01:00
lite|2026-01-13T08:41:59+01:00
lite|2026-01-13T09:34:17+01:00
mellan|2026-01-13T11:18:41+01:00
mellan|2026-01-13T14:16:47+01:00
mellan|2026-01-13T14:45:30+01:00
lite|2026-01-13T15:41:12+01:00
mellan|2026-01-13T17:40:14+01:00
mycket|2026-01-13T18:15:03+01:00
mycket|2026-01-13T19:08:06+01:00
lite|2026-01-13T19:24:57+01:00
lite|2026-01-13T20:00:35+01:00
mellan|2026-01-13T20:41:36+01:00
mellan|2026-01-13T20:54:59+01:00
mellan|2026-01-13T21:17:18+01:00
mellan|2026-01-13T21:49:51+01:00
mellan|2026-01-14T00:24:15+01:00
mellan|2026-01-14T01:21:50+01:00
lite|2026-01-14T06:03:59+01:00
lite|2026-01-14T08:43:32+01:00
mellan|2026-01-14T09:08:30+01:00
mycket|2026-01-14T09:08:49+01:00
mellan|2026-01-14T09:37:31+01:00
mellan|2026-01-14T10:42:07+01:00
mycket|2026-01-14T11:21:19+01:00
mycket|2026-01-14T11:41:34+01:00
mellan|2026-01-14T11:51:07+01:00
mellan|2026-01-14T12:25:42+01:00
mellan|2026-01-14T12:33:28+01:00
mycket|2026-01-14T13:52:00+01:00
lite|2026-01-14T13:55:58+01:00
mellan|2026-01-14T14:45:23+01:00
mycket|2026-01-14T15:51:19+01:00
mellan|2026-01-14T16:29:36+01:00
mellan|2026-01-14T16:36:34+01:00
mellan|2026-01-14T16:51:03+01:00
lite|2026-01-14T16:59:47+01:00
mycket|2026-01-14T17:03:53+01:00
lite|2026-01-14T17:06:59+01:00
mycket|2026-01-14T17:30:48+01:00
mellan|2026-01-14T18:02:27+01:00
mellan|2026-01-14T18:16:41+01:00
mycket|2026-01-14T19:12:11+01:00
mellan|2026-01-14T19:13:48+01:00
mycket|2026-01-14T19:18:23+01:00
mellan|2026-01-14T19:25:52+01:00
lite|2026-01-14T20:26:23+01:00
mellan|2026-01-14T20:38:23+01:00
mycket|2026-01-14T20:41:16+01:00
mellan|2026-01-14T20:55:50+01:00
mellan|2026-01-14T22:02:53+01:00
mycket|2026-01-14T22:08:54+01:00
lite|2026-01-14T22:26:56+01:00
mycket|2026-01-14T22:49:19+01:00
mellan|2026-01-14T22:56:02+01:00
mellan|2026-01-14T23:30:02+01:00
lite|2026-01-14T23:30:20+01:00
mycket|2026-01-15T02:19:29+01:00
mycket|2026-01-15T06:37:56+01:00
mycket|2026-01-15T07:02:28+01:00
mellan|2026-01-15T08:14:53+01:00
mellan|2026-01-15T10:22:09+01:00
mycket|2026-01-15T11:52:58+01:00
mellan|2026-01-15T12:11:34+01:00
mellan|2026-01-15T12:19:56+01:00
mycket|2026-01-15T12:38:49+01:00
mellan|2026-01-15T13:14:34+01:00
lite|2026-01-15T17:34:24+01:00
mellan|2026-01-15T19:14:26+01:00
mycket|2026-01-15T19:34:08+01:00
mycket|2026-01-15T20:03:15+01:00
mycket|2026-01-15T21:03:08+01:00
lite|2026-01-15T21:26:39+01:00
mellan|2026-01-15T22:01:15+01:00
mellan|2026-01-15T22:46:48+01:00
mycket|2026-01-16T06:22:41+01:00
mellan|2026-01-16T07:28:54+01:00
mycket|2026-01-16T07:51:48+01:00
lite|2026-01-16T08:24:11+01:00
mellan|2026-01-16T08:34:31+01:00
mycket|2026-01-16T08:43:27+01:00
mellan|2026-01-16T09:20:26+01:00
mellan|2026-01-16T10:45:09+01:00
mellan|2026-01-16T11:12:21+01:00
mellan|2026-01-16T12:18:24+01:00
mellan|2026-01-16T13:16:13+01:00
mellan|2026-01-16T13:38:38+01:00
mellan|2026-01-16T15:46:50+01:00
mellan|2026-01-16T15:54:14+01:00
mycket|2026-01-16T16:23:03+01:00
mycket|2026-01-16T16:46:41+01:00
mycket|2026-01-16T17:15:31+01:00
mycket|2026-01-16T17:26:35+01:00
mycket|2026-01-16T17:37:37+01:00
mellan|2026-01-16T17:53:12+01:00
mellan|2026-01-16T19:13:30+01:00
mellan|2026-01-16T19:19:16+01:00
mellan|2026-01-16T20:25:58+01:00
lite|2026-01-16T20:26:08+01:00
mellan|2026-01-16T20:48:53+01:00
lite|2026-01-16T20:51:29+01:00
mycket|2026-01-16T20:58:15+01:00
mycket|2026-01-16T21:04:52+01:00
mellan|2026-01-16T21:20:44+01:00
mellan|2026-01-16T21:47:09+01:00
mellan|2026-01-16T22:19:58+01:00
lite|2026-01-16T22:21:16+01:00
lite|2026-01-16T22:29:06+01:00
mycket|2026-01-16T22:41:03+01:00
mycket|2026-01-16T22:47:07+01:00
mellan|2026-01-17T06:00:44+01:00
mellan|2026-01-17T07:10:36+01:00
mycket|2026-01-17T07:24:24+01:00
lite|2026-01-17T07:54:41+01:00
mycket|2026-01-17T09:58:06+01:00
mellan|2026-01-17T10:39:33+01:00
mycket|2026-01-17T11:18:01+01:00
mellan|2026-01-17T12:50:25+01:00
mellan|2026-01-17T15:31:01+01:00
lite|2026-01-17T16:27:41+01:00
mycket|2026-01-17T17:00:01+01:00
mellan|2026-01-17T17:42:02+01:00
lite|2026-01-17T17:54:06+01:00
lite|2026-01-17T19:19:43+01:00
lite|2026-01-17T19:27:51+01:00
mellan|2026-01-17T19:36:30+01:00
mellan|2026-01-17T20:45:52+01:00
mycket|2026-01-17T21:01:13+01:00
lite|2026-01-17T22:14:13+01:00
mellan|2026-01-17T22:43:59+01:00
mellan|2026-01-17T23:29:36+01:00
mellan|2026-01-18T02:22:35+01:00
mellan|2026-01-18T07:19:28+01:00
mellan|2026-01-18T08:24:20+01:00
mellan|2026-01-18T11:08:05+01:00
mellan|2026-01-18T11:15:45+01:00
lite|2026-01-18T11:24:45+01:00
mellan|2026-01-18T12:24:27+01:00
mellan|2026-01-18T12:48:47+01:00
mellan|2026-01-18T14:35:32+01:00
mellan|2026-01-18T18:20:55+01:00
lite|2026-01-18T18:24:05+01:00
mellan|2026-01-18T19:50:28+01:00
lite|2026-01-18T21:21:38+01:00
lite|2026-01-18T21:24:43+01:00
mellan|2026-01-18T23:03:06+01:00
mellan|2026-01-18T23:25:49+01:00
mycket|2026-01-18T23:46:05+01:00
mycket|2026-01-19T07:36:12+01:00
lite|2026-01-19T07:57:35+01:00
mellan|2026-01-19T08:19:15+01:00
mellan|2026-01-19T08:27:50+01:00
mycket|2026-01-19T10:15:46+01:00
lite|2026-01-19T12:25:21+01:00
mellan|2026-01-19T13:08:17+01:00
mycket|2026-01-19T13:20:18+01:00
mellan|2026-01-19T13:52:50+01:00
mellan|2026-01-19T13:55:21+01:00
lite|2026-01-19T14:02:50+01:00
mellan|2026-01-19T14:30:50+01:00
mycket|2026-01-19T14:38:30+01:00
mycket|2026-01-19T14:52:55+01:00
mellan|2026-01-19T16:04:10+01:00
mycket|2026-01-19T17:43:49+01:00
lite|2026-01-19T17:59:58+01:00
mellan|2026-01-19T18:12:29+01:00
mycket|2026-01-19T18:19:20+01:00
mellan|2026-01-19T19:30:20+01:00
mellan|2026-01-19T19:36:50+01:00
mycket|2026-01-19T21:50:26+01:00
mellan|2026-01-19T21:53:44+01:00
mellan|2026-01-19T23:29:45+01:00
mellan|2026-01-19T23:36:33+01:00
mycket|2026-01-20T00:16:14+01:00
mellan|2026-01-20T02:06:18+01:00
mellan|2026-01-20T07:22:54+01:00
mellan|2026-01-20T08:19:21+01:00
lite|2026-01-20T08:43:45+01:00
mycket|2026-01-20T08:47:15+01:00
mellan|2026-01-20T09:30:22+01:00
mellan|2026-01-20T09:42:27+01:00
lite|2026-01-20T11:45:51+01:00
mellan|2026-01-20T11:51:45+01:00
mellan|2026-01-20T12:15:19+01:00
mellan|2026-01-20T12:24:39+01:00
mellan|2026-01-20T13:09:32+01:00
mellan|2026-01-20T13:12:29+01:00
mellan|2026-01-20T14:00:45+01:00
lite|2026-01-20T14:25:29+01:00
mellan|2026-01-20T14:44:28+01:00
mycket|2026-01-20T15:51:25+01:00
lite|2026-01-20T16:34:44+01:00
mycket|2026-01-20T16:37:44+01:00
mellan|2026-01-20T17:21:35+01:00
mycket|2026-01-20T17:41:43+01:00
mellan|2026-01-20T18:32:09+01:00
mellan|2026-01-20T18:36:24+01:00
mycket|2026-01-20T18:51:55+01:00
mycket|2026-01-20T19:10:41+01:00
lite|2026-01-20T19:31:33+01:00
mycket|2026-01-20T20:51:34+01:00
mellan|2026-01-20T20:56:12+01:00
mycket|2026-01-20T21:41:06+01:00
mellan|2026-01-20T22:06:49+01:00
mycket|2026-01-20T22:37:05+01:00
lite|2026-01-20T23:07:53+01:00
mellan|2026-01-20T23:21:50+01:00
mycket|2026-01-21T05:46:28+01:00
mycket|2026-01-21T06:17:55+01:00
mellan|2026-01-21T08:18:08+01:00
mellan|2026-01-21T08:48:50+01:00
mycket|2026-01-21T09:47:37+01:00
lite|2026-01-21T10:18:10+01:00
lite|2026-01-21T11:36:17+01:00
lite|2026-01-21T12:15:48+01:00
mycket|2026-01-21T13:09:36+01:00
mycket|2026-01-21T13:31:26+01:00
mycket|2026-01-21T13:35:32+01:00
lite|2026-01-21T14:07:49+01:00
mycket|2026-01-21T14:10:05+01:00
lite|2026-01-21T15:22:55+01:00
mellan|2026-01-21T16:36:07+01:00
lite|2026-01-21T16:57:43+01:00
lite|2026-01-21T17:23:34+01:00
mellan|2026-01-21T17:49:49+01:00
lite|2026-01-21T18:10:20+01:00
mellan|2026-01-21T18:24:28+01:00
lite|2026-01-21T18:50:13+01:00
mellan|2026-01-21T20:08:15+01:00
lite|2026-01-21T20:19:55+01:00
lite|2026-01-21T20:44:59+01:00
mellan|2026-01-21T21:14:18+01:00
mycket|2026-01-21T21:36:22+01:00
lite|2026-01-21T21:39:03+01:00
mellan|2026-01-21T21:39:40+01:00
mellan|2026-01-21T21:49:05+01:00
lite|2026-01-21T23:06:47+01:00
mellan|2026-01-21T23:31:08+01:00
mellan|2026-01-22T07:06:00+01:00
mycket|2026-01-22T07:37:14+01:00
lite|2026-01-22T08:54:31+01:00
mycket|2026-01-22T08:55:27+01:00
lite|2026-01-22T11:24:49+01:00
mycket|2026-01-22T12:18:21+01:00
mycket|2026-01-22T13:05:23+01:00
mellan|2026-01-22T14:00:44+01:00
mellan|2026-01-22T15:14:24+01:00
mycket|2026-01-22T15:31:20+01:00
mycket|2026-01-22T17:00:39+01:00
mellan|2026-01-22T18:53:29+01:00
mycket|2026-01-22T19:03:25+01:00
mellan|2026-01-22T20:48:14+01:00
mellan|2026-01-22T21:06:20+01:00
mellan|2026-01-22T21:50:34+01:00
mellan|2026-01-22T22:10:28+01:00
mellan|2026-01-22T22:41:43+01:00
mellan|2026-01-22T22:48:03+01:00
mellan|2026-01-22T22:54:46+01:00
mellan|2026-01-22T22:56:17+01:00
mellan|2026-01-22T22:56:41+01:00
lite|2026-01-22T23:27:12+01:00
mycket|2026-01-22T23:40:42+01:00
mellan|2026-01-22T23:52:13+01:00
mycket|2026-01-23T07:31:40+01:00
mycket|2026-01-23T07:48:07+01:00
mycket|2026-01-23T08:55:53+01:00
mycket|2026-01-23T09:25:18+01:00
mellan|2026-01-23T10:41:05+01:00
lite|2026-01-23T13:27:20+01:00
lite|2026-01-23T13:43:11+01:00
lite|2026-01-23T17:00:23+01:00
mellan|2026-01-23T18:09:58+01:00
mellan|2026-01-23T18:46:38+01:00
mellan|2026-01-23T19:55:13+01:00
mellan|2026-01-23T21:50:15+01:00
lite|2026-01-23T22:01:54+01:00
mycket|2026-01-23T22:13:33+01:00
mellan|2026-01-23T23:49:04+01:00
mellan|2026-01-24T03:51:27+01:00
mellan|2026-01-24T06:16:13+01:00
mycket|2026-01-24T06:45:36+01:00
mycket|2026-01-24T06:50:25+01:00
mellan|2026-01-24T07:27:07+01:00
mellan|2026-01-24T07:47:32+01:00
lite|2026-01-24T08:08:47+01:00
mellan|2026-01-24T10:58:46+01:00
lite|2026-01-24T11:56:07+01:00
mellan|2026-01-24T12:35:29+01:00
lite|2026-01-24T12:37:40+01:00
mellan|2026-01-24T13:58:09+01:00
mellan|2026-01-24T14:54:15+01:00
lite|2026-01-24T15:18:49+01:00
mellan|2026-01-24T16:02:25+01:00
mellan|2026-01-24T16:13:51+01:00
mellan|2026-01-24T16:32:23+01:00
mycket|2026-01-24T17:50:52+01:00
mellan|2026-01-24T18:17:05+01:00
mycket|2026-01-24T18:19:42+01:00
mellan|2026-01-24T18:32:49+01:00
mellan|2026-01-24T19:03:11+01:00
mellan|2026-01-24T19:41:04+01:00
mycket|2026-01-24T20:05:40+01:00
mycket|2026-01-24T20:07:00+01:00
lite|2026-01-24T20:10:31+01:00
mellan|2026-01-24T20:41:26+01:00
mycket|2026-01-24T20:57:36+01:00
mellan|2026-01-24T21:00:15+01:00
mellan|2026-01-24T21:10:23+01:00
mellan|2026-01-24T21:36:23+01:00
lite|2026-01-24T23:02:35+01:00
lite|2026-01-25T00:21:00+01:00
lite|2026-01-25T05:14:57+01:00
mellan|2026-01-25T06:09:45+01:00
mellan|2026-01-25T06:42:08+01:00
lite|2026-01-25T07:06:51+01:00
lite|2026-01-25T08:03:53+01:00
lite|2026-01-25T08:45:15+01:00
mellan|2026-01-25T08:59:26+01:00
mellan|2026-01-25T09:15:26+01:00
mellan|2026-01-25T10:12:52+01:00
mellan|2026-01-25T11:04:12+01:00
lite|2026-01-25T11:20:59+01:00
mellan|2026-01-25T12:39:15+01:00
mellan|2026-01-25T13:03:43+01:00
mellan|2026-01-25T13:47:46+01:00
mellan|2026-01-25T13:49:13+01:00
mellan|2026-01-25T14:57:23+01:00
mellan|2026-01-25T15:20:26+01:00
mellan|2026-01-25T15:54:07+01:00
mycket|2026-01-25T17:40:53+01:00
lite|2026-01-25T18:13:53+01:00
lite|2026-01-25T18:31:49+01:00
mycket|2026-01-25T19:25:04+01:00
mellan|2026-01-25T19:47:20+01:00
mellan|2026-01-25T20:06:09+01:00
lite|2026-01-25T20:34:48+01:00
mycket|2026-01-25T20:37:06+01:00
lite|2026-01-25T21:11:01+01:00
mycket|2026-01-25T21:19:52+01:00
mycket|2026-01-25T21:35:47+01:00
mellan|2026-01-26T06:38:14+01:00
mellan|2026-01-26T06:57:41+01:00
mellan|2026-01-26T07:19:20+01:00
mellan|2026-01-26T07:33:55+01:00
mellan|2026-01-26T07:45:42+01:00
mellan|2026-01-26T08:45:58+01:00
lite|2026-01-26T08:57:54+01:00
mellan|2026-01-26T09:20:38+01:00
lite|2026-01-26T10:34:52+01:00
mellan|2026-01-26T11:52:04+01:00
mellan|2026-01-26T12:02:29+01:00
mellan|2026-01-26T12:47:44+01:00
mellan|2026-01-26T12:58:11+01:00
mycket|2026-01-26T13:26:12+01:00
mellan|2026-01-26T13:34:50+01:00
mycket|2026-01-26T14:09:02+01:00
mycket|2026-01-26T15:21:58+01:00
mellan|2026-01-26T16:24:43+01:00
lite|2026-01-26T17:01:24+01:00
lite|2026-01-26T17:09:36+01:00
mellan|2026-01-26T17:11:31+01:00
mellan|2026-01-26T18:41:18+01:00
mellan|2026-01-26T18:45:44+01:00
mycket|2026-01-26T19:41:05+01:00
mycket|2026-01-26T20:48:14+01:00
lite|2026-01-26T21:15:40+01:00
mellan|2026-01-26T21:21:45+01:00
lite|2026-01-26T21:51:56+01:00
mellan|2026-01-26T21:55:20+01:00
mycket|2026-01-26T22:27:52+01:00
mellan|2026-01-26T22:30:03+01:00
mellan|2026-01-26T22:32:20+01:00
mellan|2026-01-26T22:49:17+01:00
mellan|2026-01-26T23:10:06+01:00
mellan|2026-01-26T23:11:11+01:00
lite|2026-01-26T23:24:22+01:00
lite|2026-01-26T23:33:22+01:00
mycket|2026-01-27T00:13:15+01:00
mellan|2026-01-27T04:01:20+01:00
lite|2026-01-27T06:21:13+01:00
mellan|2026-01-27T06:28:46+01:00
lite|2026-01-27T07:21:10+01:00
mycket|2026-01-27T07:25:36+01:00
mycket|2026-01-27T07:52:42+01:00
lite|2026-01-27T08:04:35+01:00
lite|2026-01-27T08:26:31+01:00
lite|2026-01-27T08:56:05+01:00
mellan|2026-01-27T09:56:24+01:00
mellan|2026-01-27T10:17:36+01:00
lite|2026-01-27T10:28:04+01:00
mellan|2026-01-27T11:11:46+01:00
lite|2026-01-27T12:24:06+01:00
mellan|2026-01-27T12:25:30+01:00
mycket|2026-01-27T12:50:06+01:00
mellan|2026-01-27T12:51:39+01:00
lite|2026-01-27T13:35:46+01:00
mellan|2026-01-27T14:16:28+01:00
mellan|2026-01-27T15:06:01+01:00
mellan|2026-01-27T16:03:23+01:00
mellan|2026-01-27T17:42:18+01:00
mellan|2026-01-27T17:59:31+01:00
mycket|2026-01-27T18:22:14+01:00
lite|2026-01-27T19:05:30+01:00
mycket|2026-01-27T19:05:41+01:00
mellan|2026-01-27T19:38:56+01:00
mellan|2026-01-27T19:46:56+01:00
lite|2026-01-27T20:15:22+01:00
lite|2026-01-27T20:35:44+01:00
mellan|2026-01-27T20:36:02+01:00
lite|2026-01-27T20:36:25+01:00
mycket|2026-01-27T21:24:19+01:00
mellan|2026-01-27T21:31:41+01:00
lite|2026-01-27T21:36:41+01:00
mellan|2026-01-27T22:45:01+01:00
lite|2026-01-27T23:21:38+01:00
mellan|2026-01-28T01:52:50+01:00
mycket|2026-01-28T03:23:31+01:00
mycket|2026-01-28T04:36:57+01:00
mellan|2026-01-28T05:17:25+01:00
mellan|2026-01-28T07:55:14+01:00
lite|2026-01-28T09:13:58+01:00
lite|2026-01-28T09:53:12+01:00
mycket|2026-01-28T09:55:30+01:00
lite|2026-01-28T10:29:03+01:00
lite|2026-01-28T11:25:57+01:00
mycket|2026-01-28T11:26:38+01:00
lite|2026-01-28T11:29:58+01:00
mycket|2026-01-28T11:31:54+01:00
lite|2026-01-28T12:10:53+01:00
mellan|2026-01-28T12:32:25+01:00
lite|2026-01-28T12:34:26+01:00
mycket|2026-01-28T13:10:54+01:00
mellan|2026-01-28T13:25:35+01:00
mycket|2026-01-28T13:31:36+01:00
mellan|2026-01-28T14:26:09+01:00
mellan|2026-01-28T16:40:59+01:00
mellan|2026-01-28T17:06:50+01:00
mellan|2026-01-28T17:22:56+01:00
lite|2026-01-28T18:35:03+01:00
mellan|2026-01-28T18:39:09+01:00
mellan|2026-01-28T18:44:25+01:00
lite|2026-01-28T18:48:06+01:00
mellan|2026-01-28T18:53:38+01:00
lite|2026-01-28T20:11:10+01:00
lite|2026-01-28T20:17:23+01:00
mellan|2026-01-28T20:42:06+01:00
mellan|2026-01-28T20:44:05+01:00
lite|2026-01-28T20:48:33+01:00
lite|2026-01-28T20:58:17+01:00
mellan|2026-01-28T21:08:02+01:00
mycket|2026-01-28T21:26:34+01:00
mellan|2026-01-28T21:32:50+01:00
mycket|2026-01-28T21:39:37+01:00
mellan|2026-01-28T21:56:36+01:00
mellan|2026-01-28T22:21:44+01:00
mellan|2026-01-28T22:36:56+01:00
mellan|2026-01-28T22:58:51+01:00
lite|2026-01-28T23:27:12+01:00
lite|2026-01-28T23:28:49+01:00
lite|2026-01-29T00:17:13+01:00
mycket|2026-01-29T07:22:14+01:00
mellan|2026-01-29T08:12:21+01:00
mellan|2026-01-29T08:48:10+01:00
mellan|2026-01-29T09:06:30+01:00
mellan|2026-01-29T09:43:57+01:00
lite|2026-01-29T10:34:40+01:00
mycket|2026-01-29T10:51:19+01:00
lite|2026-01-29T11:03:55+01:00
lite|2026-01-29T11:18:29+01:00
lite|2026-01-29T11:51:35+01:00
mycket|2026-01-29T12:11:20+01:00
mycket|2026-01-29T12:33:52+01:00
mellan|2026-01-29T12:50:56+01:00
mellan|2026-01-29T13:00:57+01:00
lite|2026-01-29T13:01:55+01:00
mellan|2026-01-29T13:02:34+01:00
mycket|2026-01-29T13:02:37+01:00
mycket|2026-01-29T15:21:17+01:00
mycket|2026-01-29T15:55:40+01:00
mellan|2026-01-29T16:55:43+01:00
mellan|2026-01-29T17:58:29+01:00
lite|2026-01-29T18:00:32+01:00
mycket|2026-01-29T18:12:21+01:00
mycket|2026-01-29T18:18:19+01:00
lite|2026-01-29T19:25:27+01:00
mellan|2026-01-29T19:38:51+01:00
mellan|2026-01-29T19:43:13+01:00
mycket|2026-01-29T19:46:01+01:00
lite|2026-01-29T20:00:30+01:00
mycket|2026-01-29T20:05:08+01:00
lite|2026-01-29T20:17:27+01:00
lite|2026-01-29T20:57:03+01:00
mellan|2026-01-29T21:11:49+01:00
mycket|2026-01-29T21:16:41+01:00
mellan|2026-01-29T21:29:16+01:00
mycket|2026-01-29T21:38:25+01:00
lite|2026-01-29T21:53:42+01:00
lite|2026-01-29T22:04:30+01:00
mellan|2026-01-29T22:19:12+01:00
mycket|2026-01-29T22:42:22+01:00
mellan|2026-01-29T23:16:58+01:00
mycket|2026-01-29T23:53:23+01:00
mellan|2026-01-30T05:31:58+01:00
mellan|2026-01-30T05:56:40+01:00
mellan|2026-01-30T07:06:31+01:00
mellan|2026-01-30T07:46:39+01:00
mycket|2026-01-30T08:23:45+01:00
mycket|2026-01-30T08:46:01+01:00
mycket|2026-01-30T09:16:53+01:00
mellan|2026-01-30T09:45:26+01:00
mycket|2026-01-30T11:18:29+01:00
mellan|2026-01-30T12:08:06+01:00
mycket|2026-01-30T13:14:14+01:00
lite|2026-01-30T17:03:38+01:00
mellan|2026-01-30T17:30:44+01:00
lite|2026-01-30T18:08:26+01:00
lite|2026-01-30T18:10:04+01:00
mycket|2026-01-30T18:15:14+01:00
lite|2026-01-30T18:21:27+01:00
mellan|2026-01-30T19:26:28+01:00
mellan|2026-01-30T19:40:00+01:00
mellan|2026-01-30T19:41:53+01:00
mellan|2026-01-30T19:42:33+01:00
lite|2026-01-30T20:10:58+01:00
mycket|2026-01-30T21:12:01+01:00
mellan|2026-01-30T23:21:57+01:00
lite|2026-01-31T00:42:05+01:00
mycket|2026-01-31T05:54:08+01:00
mycket|2026-01-31T06:14:35+01:00
mellan|2026-01-31T06:41:20+01:00
mellan|2026-01-31T06:54:10+01:00
mellan|2026-01-31T07:11:55+01:00
mellan|2026-01-31T07:16:41+01:00
mycket|2026-01-31T07:32:04+01:00
mellan|2026-01-31T08:22:57+01:00
mellan|2026-01-31T11:51:43+01:00
mellan|2026-01-31T13:15:05+01:00
lite|2026-01-31T14:39:24+01:00
mellan|2026-01-31T14:46:15+01:00
lite|2026-01-31T16:15:21+01:00
mycket|2026-01-31T16:44:44+01:00
mellan|2026-01-31T16:56:26+01:00
lite|2026-01-31T18:55:43+01:00
mellan|2026-01-31T18:56:46+01:00
lite|2026-01-31T19:10:32+01:00
mellan|2026-01-31T19:41:24+01:00
lite|2026-01-31T20:06:54+01:00
lite|2026-01-31T20:14:42+01:00
mellan|2026-01-31T20:57:08+01:00
mycket|2026-01-31T21:07:08+01:00
mellan|2026-01-31T21:11:07+01:00
lite|2026-01-31T21:28:05+01:00
mellan|2026-01-31T21:42:31+01:00
mycket|2026-01-31T21:51:26+01:00
mellan|2026-01-31T21:55:10+01:00
mellan|2026-01-31T21:57:39+01:00
mycket|2026-01-31T22:30:51+01:00
mycket|2026-01-31T22:33:49+01:00
mellan|2026-01-31T23:17:53+01:00
mellan|2026-01-31T23:18:16+01:00
mycket|2026-02-01T00:22:53+01:00
mycket|2026-02-01T00:47:03+01:00
mellan|2026-02-01T01:25:26+01:00
mycket|2026-02-01T06:40:53+01:00
mellan|2026-02-01T07:57:10+01:00
mellan|2026-02-01T08:52:08+01:00
mellan|2026-02-01T08:57:28+01:00
lite|2026-02-01T09:21:06+01:00
mellan|2026-02-01T10:12:12+01:00
lite|2026-02-01T12:52:03+01:00
mycket|2026-02-01T14:07:31+01:00
lite|2026-02-01T14:37:30+01:00
mycket|2026-02-01T15:06:48+01:00
mellan|2026-02-01T17:41:42+01:00
lite|2026-02-01T17:52:05+01:00
lite|2026-02-01T18:32:08+01:00
mellan|2026-02-01T18:45:42+01:00
mellan|2026-02-01T19:38:56+01:00
lite|2026-02-01T21:13:29+01:00
lite|2026-02-01T21:21:35+01:00
mellan|2026-02-01T21:35:33+01:00
mellan|2026-02-01T21:47:46+01:00
mycket|2026-02-01T21:58:11+01:00
lite|2026-02-01T22:26:38+01:00
lite|2026-02-01T23:40:19+01:00
mellan|2026-02-02T00:06:01+01:00
mellan|2026-02-02T06:03:12+01:00
mycket|2026-02-02T07:55:43+01:00
lite|2026-02-02T08:38:44+01:00
mycket|2026-02-02T09:13:39+01:00
lite|2026-02-02T10:50:50+01:00
mellan|2026-02-02T11:11:43+01:00
lite|2026-02-02T11:42:03+01:00
mycket|2026-02-02T12:47:59+01:00
mellan|2026-02-02T13:50:43+01:00
mycket|2026-02-02T16:53:44+01:00
mellan|2026-02-02T17:00:47+01:00
lite|2026-02-02T17:37:36+01:00
mellan|2026-02-02T17:56:54+01:00
lite|2026-02-02T18:49:46+01:00
lite|2026-02-02T18:49:55+01:00
lite|2026-02-02T19:45:07+01:00
mycket|2026-02-02T19:48:37+01:00
mellan|2026-02-02T19:58:43+01:00
lite|2026-02-02T20:02:22+01:00
mycket|2026-02-02T20:11:32+01:00
lite|2026-02-02T20:43:47+01:00
mellan|2026-02-02T21:18:43+01:00
mellan|2026-02-02T21:44:50+01:00
mycket|2026-02-02T21:47:41+01:00
mycket|2026-02-02T21:58:40+01:00
lite|2026-02-02T23:18:28+01:00
mellan|2026-02-02T23:47:32+01:00
mellan|2026-02-03T00:42:22+01:00
mellan|2026-02-03T05:17:35+01:00
mellan|2026-02-03T08:54:16+01:00
mycket|2026-02-03T11:48:39+01:00
mellan|2026-02-03T12:05:06+01:00
mellan|2026-02-03T15:59:09+01:00
mycket|2026-02-03T16:18:57+01:00
mellan|2026-02-03T16:50:32+01:00
mellan|2026-02-03T17:25:05+01:00
mellan|2026-02-03T18:53:42+01:00
mycket|2026-02-03T20:01:58+01:00
mycket|2026-02-03T20:32:51+01:00
lite|2026-02-03T20:33:14+01:00
mellan|2026-02-03T21:35:22+01:00
mellan|2026-02-03T22:07:24+01:00
lite|2026-02-03T22:38:03+01:00
mycket|2026-02-03T22:39:58+01:00
mellan|2026-02-03T22:42:21+01:00
mellan|2026-02-03T23:34:34+01:00
mellan|2026-02-03T23:43:56+01:00
lite|2026-02-03T23:52:48+01:00
mycket|2026-02-04T01:43:07+01:00
mellan|2026-02-04T06:12:20+01:00
mycket|2026-02-04T06:50:16+01:00
mycket|2026-02-04T07:34:53+01:00
mycket|2026-02-04T08:02:00+01:00
lite|2026-02-04T08:14:39+01:00
lite|2026-02-04T08:36:23+01:00
lite|2026-02-04T09:11:42+01:00
mellan|2026-02-04T11:04:16+01:00
lite|2026-02-04T11:05:18+01:00
mycket|2026-02-04T11:23:08+01:00
mellan|2026-02-04T12:30:29+01:00
mycket|2026-02-04T12:42:19+01:00
lite|2026-02-04T13:00:35+01:00
mellan|2026-02-04T13:35:05+01:00
mellan|2026-02-04T13:40:25+01:00
mycket|2026-02-04T13:51:54+01:00
mycket|2026-02-04T14:25:52+01:00
mycket|2026-02-04T14:41:54+01:00
mellan|2026-02-04T15:21:02+01:00
mellan|2026-02-04T15:34:14+01:00
mellan|2026-02-04T18:14:58+01:00
mellan|2026-02-04T18:44:54+01:00
mellan|2026-02-04T19:15:06+01:00
lite|2026-02-04T19:39:04+01:00
mellan|2026-02-04T20:31:21+01:00
mellan|2026-02-04T20:31:35+01:00
mellan|2026-02-04T20:55:43+01:00
mellan|2026-02-04T20:57:46+01:00
mycket|2026-02-04T21:45:47+01:00
lite|2026-02-04T21:54:48+01:00
lite|2026-02-04T22:06:18+01:00
mellan|2026-02-04T22:47:43+01:00
mycket|2026-02-04T22:50:55+01:00
mycket|2026-02-04T23:09:19+01:00
mellan|2026-02-04T23:10:00+01:00
mycket|2026-02-04T23:29:41+01:00
mycket|2026-02-04T23:49:27+01:00
lite|2026-02-05T00:15:54+01:00
lite|2026-02-05T05:13:33+01:00
mellan|2026-02-05T06:41:20+01:00
mycket|2026-02-05T08:10:11+01:00
lite|2026-02-05T08:25:14+01:00
mellan|2026-02-05T09:02:35+01:00
mellan|2026-02-05T11:09:11+01:00
mycket|2026-02-05T13:24:23+01:00
mellan|2026-02-05T13:30:58+01:00
mycket|2026-02-05T14:14:04+01:00
mellan|2026-02-05T14:21:46+01:00
mellan|2026-02-05T15:22:02+01:00
mellan|2026-02-05T16:04:16+01:00
mellan|2026-02-05T16:05:25+01:00
mycket|2026-02-05T17:55:09+01:00
mycket|2026-02-05T18:52:07+01:00
mellan|2026-02-05T18:54:18+01:00
mellan|2026-02-05T19:05:53+01:00
mellan|2026-02-05T19:26:01+01:00
mycket|2026-02-05T19:30:13+01:00
mycket|2026-02-05T20:37:34+01:00
mycket|2026-02-05T20:40:04+01:00
lite|2026-02-05T21:22:31+01:00
lite|2026-02-05T21:37:25+01:00
mellan|2026-02-05T21:57:34+01:00
lite|2026-02-05T22:00:32+01:00
mellan|2026-02-05T22:04:33+01:00
mycket|2026-02-05T22:34:30+01:00
mycket|2026-02-05T22:54:32+01:00
mellan|2026-02-05T23:14:33+01:00
mellan|2026-02-05T23:40:53+01:00
lite|2026-02-05T23:43:10+01:00
mellan|2026-02-06T08:06:11+01:00
lite|2026-02-06T08:10:16+01:00
lite|2026-02-06T08:32:02+01:00
lite|2026-02-06T08:38:34+01:00
mellan|2026-02-06T08:55:42+01:00
lite|2026-02-06T10:50:44+01:00
mellan|2026-02-06T11:46:43+01:00
mellan|2026-02-06T13:06:01+01:00
lite|2026-02-06T14:16:30+01:00
mellan|2026-02-06T14:37:16+01:00
mellan|2026-02-06T15:37:04+01:00
mellan|2026-02-06T16:07:05+01:00
mellan|2026-02-06T16:23:55+01:00
mellan|2026-02-06T16:24:41+01:00
lite|2026-02-06T16:25:38+01:00
mellan|2026-02-06T17:14:51+01:00
mellan|2026-02-06T17:16:12+01:00
lite|2026-02-06T17:30:16+01:00
mellan|2026-02-06T17:35:30+01:00
mycket|2026-02-06T17:36:23+01:00
lite|2026-02-06T18:02:56+01:00
mellan|2026-02-06T18:49:45+01:00
mycket|2026-02-06T19:56:46+01:00
mycket|2026-02-06T20:00:36+01:00
lite|2026-02-06T20:22:37+01:00
mellan|2026-02-06T21:05:13+01:00
mycket|2026-02-06T21:11:39+01:00
mellan|2026-02-06T21:26:23+01:00
mellan|2026-02-06T21:32:43+01:00
lite|2026-02-06T21:38:09+01:00
mycket|2026-02-06T22:05:18+01:00
mycket|2026-02-06T22:49:43+01:00
mycket|2026-02-06T22:53:44+01:00
mellan|2026-02-06T23:25:48+01:00
mellan|2026-02-06T23:55:30+01:00
lite|2026-02-07T01:45:04+01:00
mellan|2026-02-07T04:15:41+01:00
mellan|2026-02-07T06:24:40+01:00
mellan|2026-02-07T07:02:46+01:00
mycket|2026-02-07T07:04:24+01:00
mellan|2026-02-07T07:04:32+01:00
lite|2026-02-07T07:09:30+01:00
lite|2026-02-07T07:32:25+01:00
mellan|2026-02-07T08:17:49+01:00
mellan|2026-02-07T09:36:17+01:00
lite|2026-02-07T09:42:59+01:00
mellan|2026-02-07T10:21:49+01:00
mycket|2026-02-07T11:02:50+01:00
mycket|2026-02-07T12:22:33+01:00
mellan|2026-02-07T13:47:52+01:00
mellan|2026-02-07T14:04:16+01:00
mellan|2026-02-07T15:37:55+01:00
mellan|2026-02-07T16:14:39+01:00
mellan|2026-02-07T17:11:30+01:00
mycket|2026-02-07T17:46:53+01:00
lite|2026-02-07T18:12:29+01:00
mellan|2026-02-07T18:16:11+01:00
mellan|2026-02-07T18:22:52+01:00
mellan|2026-02-07T19:24:36+01:00
mellan|2026-02-07T19:25:37+01:00
mellan|2026-02-07T20:15:47+01:00
mellan|2026-02-07T20:16:15+01:00
lite|2026-02-07T20:38:03+01:00
mellan|2026-02-07T20:59:58+01:00
mycket|2026-02-07T21:39:44+01:00
mellan|2026-02-07T21:40:31+01:00
lite|2026-02-07T22:51:32+01:00
mycket|2026-02-07T22:52:50+01:00
mycket|2026-02-07T23:39:41+01:00
mellan|2026-02-07T23:43:44+01:00
mellan|2026-02-08T00:26:31+01:00
mellan|2026-02-08T08:13:52+01:00
mycket|2026-02-08T09:08:36+01:00
mellan|2026-02-08T10:36:08+01:00
mellan|2026-02-08T11:39:21+01:00
mycket|2026-02-08T12:00:00+01:00
mellan|2026-02-08T12:31:19+01:00
lite|2026-02-08T12:55:43+01:00
mellan|2026-02-08T13:06:20+01:00
mellan|2026-02-08T13:54:25+01:00
mycket|2026-02-08T15:07:44+01:00
mycket|2026-02-08T16:13:26+01:00
mellan|2026-02-08T17:54:24+01:00
lite|2026-02-08T18:31:57+01:00
mellan|2026-02-08T21:02:54+01:00
mellan|2026-02-08T21:03:25+01:00
mycket|2026-02-08T21:06:28+01:00
mellan|2026-02-08T21:07:58+01:00
mellan|2026-02-08T21:11:35+01:00
mellan|2026-02-08T21:30:34+01:00
lite|2026-02-08T21:46:17+01:00
mellan|2026-02-08T21:47:09+01:00
mellan|2026-02-08T21:53:39+01:00
mycket|2026-02-08T22:40:33+01:00
mellan|2026-02-08T22:55:17+01:00
mellan|2026-02-08T23:31:39+01:00
mellan|2026-02-08T23:58:32+01:00
mellan|2026-02-09T07:39:09+01:00
lite|2026-02-09T08:10:40+01:00
mellan|2026-02-09T09:25:06+01:00
mellan|2026-02-09T10:05:28+01:00
mellan|2026-02-09T10:20:41+01:00
mycket|2026-02-09T10:47:44+01:00
mycket|2026-02-09T11:23:35+01:00
mycket|2026-02-09T11:34:00+01:00
mellan|2026-02-09T11:41:25+01:00
mycket|2026-02-09T12:40:39+01:00
mellan|2026-02-09T12:43:38+01:00
lite|2026-02-09T12:58:20+01:00
mycket|2026-02-09T13:18:29+01:00
mellan|2026-02-09T14:09:19+01:00
mycket|2026-02-09T14:55:23+01:00
lite|2026-02-09T15:55:34+01:00
mellan|2026-02-09T16:28:26+01:00
lite|2026-02-09T16:47:28+01:00
mycket|2026-02-09T17:08:44+01:00
mellan|2026-02-09T17:10:01+01:00
mellan|2026-02-09T17:48:54+01:00
mellan|2026-02-09T17:58:22+01:00
mycket|2026-02-09T18:29:40+01:00
mellan|2026-02-09T18:41:34+01:00
mellan|2026-02-09T20:28:40+01:00
lite|2026-02-09T20:33:48+01:00
mellan|2026-02-09T21:04:05+01:00
mellan|2026-02-09T21:08:46+01:00
mellan|2026-02-09T21:22:01+01:00
mycket|2026-02-09T21:22:20+01:00
mellan|2026-02-09T22:24:19+01:00
mycket|2026-02-09T22:27:33+01:00
mellan|2026-02-09T22:30:35+01:00
mycket|2026-02-10T07:17:08+01:00
mellan|2026-02-10T07:29:39+01:00
mellan|2026-02-10T08:34:01+01:00
mellan|2026-02-10T09:04:11+01:00
mellan|2026-02-10T09:56:35+01:00
mycket|2026-02-10T10:45:47+01:00
lite|2026-02-10T11:49:27+01:00
lite|2026-02-10T18:33:48+01:00
mellan|2026-02-10T18:44:43+01:00
mycket|2026-02-10T18:50:00+01:00
mellan|2026-02-10T19:31:12+01:00
mellan|2026-02-10T19:34:51+01:00
mellan|2026-02-10T20:14:05+01:00
mellan|2026-02-10T21:14:16+01:00
mycket|2026-02-11T01:50:17+01:00
lite|2026-02-11T03:05:53+01:00
mellan|2026-02-11T04:18:38+01:00
mycket|2026-02-11T05:45:28+01:00
mellan|2026-02-11T07:12:06+01:00
mellan|2026-02-11T07:31:14+01:00
mellan|2026-02-11T07:40:36+01:00
mellan|2026-02-11T07:42:04+01:00
mellan|2026-02-11T08:11:35+01:00
mellan|2026-02-11T08:17:49+01:00
mellan|2026-02-11T08:30:40+01:00
mellan|2026-02-11T08:33:09+01:00
mellan|2026-02-11T08:49:05+01:00
mellan|2026-02-11T08:56:19+01:00
lite|2026-02-11T09:26:19+01:00
mellan|2026-02-11T09:47:35+01:00
mellan|2026-02-11T09:47:49+01:00
mellan|2026-02-11T10:24:53+01:00
mellan|2026-02-11T10:45:04+01:00
mellan|2026-02-11T11:02:46+01:00
mellan|2026-02-11T11:26:41+01:00
mycket|2026-02-11T12:09:44+01:00
lite|2026-02-11T12:10:34+01:00
mellan|2026-02-11T12:13:33+01:00
mycket|2026-02-11T13:03:55+01:00
lite|2026-02-11T13:15:00+01:00
lite|2026-02-11T13:45:03+01:00
mellan|2026-02-11T13:46:08+01:00
mellan|2026-02-11T13:47:56+01:00
mellan|2026-02-11T14:22:57+01:00
lite|2026-02-11T15:42:27+01:00
mycket|2026-02-11T16:23:29+01:00
mellan|2026-02-11T16:43:39+01:00
lite|2026-02-11T17:11:12+01:00
mycket|2026-02-11T17:15:36+01:00
mellan|2026-02-11T17:20:46+01:00
mycket|2026-02-11T17:31:12+01:00
mellan|2026-02-11T17:41:48+01:00
mellan|2026-02-11T18:20:46+01:00
mellan|2026-02-11T18:36:34+01:00
mellan|2026-02-11T18:37:16+01:00
mycket|2026-02-11T18:44:30+01:00
mellan|2026-02-11T19:13:30+01:00
mellan|2026-02-11T19:24:42+01:00
mellan|2026-02-11T19:49:35+01:00
mycket|2026-02-11T20:27:52+01:00
mycket|2026-02-11T20:32:24+01:00
mellan|2026-02-11T20:34:24+01:00
mycket|2026-02-11T20:47:59+01:00
mellan|2026-02-11T20:59:47+01:00
mycket|2026-02-11T21:29:51+01:00
mellan|2026-02-11T21:34:23+01:00
mellan|2026-02-11T22:11:55+01:00
lite|2026-02-11T22:38:58+01:00
mellan|2026-02-11T22:39:54+01:00
lite|2026-02-11T22:41:31+01:00
mellan|2026-02-11T22:46:12+01:00
mellan|2026-02-11T23:15:40+01:00
lite|2026-02-11T23:15:47+01:00
mellan|2026-02-11T23:20:54+01:00
mellan|2026-02-11T23:28:25+01:00
mellan|2026-02-11T23:45:15+01:00
mellan|2026-02-11T23:48:40+01:00
mellan|2026-02-11T23:52:24+01:00
mellan|2026-02-11T23:59:20+01:00
mellan|2026-02-12T06:49:27+01:00
mellan|2026-02-12T09:04:46+01:00
mycket|2026-02-12T09:25:41+01:00
mellan|2026-02-12T11:25:32+01:00
mycket|2026-02-12T11:36:25+01:00
mellan|2026-02-12T12:44:14+01:00
lite|2026-02-12T12:49:52+01:00
mellan|2026-02-12T12:56:52+01:00
lite|2026-02-12T13:49:03+01:00
mellan|2026-02-12T14:09:28+01:00
mellan|2026-02-12T14:22:12+01:00
mellan|2026-02-12T15:09:08+01:00
lite|2026-02-12T15:31:52+01:00
mycket|2026-02-12T15:47:03+01:00
mycket|2026-02-12T17:20:34+01:00
mellan|2026-02-12T17:36:09+01:00
mellan|2026-02-12T17:47:33+01:00
mellan|2026-02-12T18:01:49+01:00
mellan|2026-02-12T18:05:14+01:00
lite|2026-02-12T19:02:46+01:00
lite|2026-02-12T19:25:28+01:00
mellan|2026-02-12T19:40:24+01:00
mellan|2026-02-12T19:48:08+01:00
mellan|2026-02-12T20:52:58+01:00
mellan|2026-02-12T20:54:05+01:00
lite|2026-02-12T20:54:38+01:00
mellan|2026-02-12T21:09:08+01:00
mellan|2026-02-12T21:12:43+01:00
mycket|2026-02-12T21:58:35+01:00
mycket|2026-02-12T22:05:07+01:00
lite|2026-02-12T22:07:55+01:00
mellan|2026-02-12T22:15:14+01:00
lite|2026-02-12T23:39:52+01:00
mycket|2026-02-13T01:37:57+01:00
mellan|2026-02-13T05:10:03+01:00
mellan|2026-02-13T05:59:33+01:00
mellan|2026-02-13T06:39:59+01:00
mycket|2026-02-13T08:46:24+01:00
mellan|2026-02-13T10:21:57+01:00
mycket|2026-02-13T11:54:58+01:00
mellan|2026-02-13T12:38:21+01:00
mellan|2026-02-13T12:47:34+01:00
mellan|2026-02-13T14:36:09+01:00
mellan|2026-02-13T16:47:10+01:00
mycket|2026-02-13T17:48:16+01:00
mellan|2026-02-13T18:05:11+01:00
mycket|2026-02-13T18:09:44+01:00
lite|2026-02-13T18:56:24+01:00
mellan|2026-02-13T19:00:04+01:00
mycket|2026-02-13T19:14:24+01:00
mellan|2026-02-13T19:22:40+01:00
mycket|2026-02-13T19:55:40+01:00
mellan|2026-02-13T20:57:20+01:00
lite|2026-02-13T21:01:18+01:00
lite|2026-02-13T21:01:35+01:00
mellan|2026-02-13T21:18:00+01:00
mellan|2026-02-13T21:19:28+01:00
mellan|2026-02-13T21:39:17+01:00
lite|2026-02-13T23:32:17+01:00
mycket|2026-02-13T23:35:59+01:00
mellan|2026-02-14T06:33:57+01:00
lite|2026-02-14T07:20:53+01:00
lite|2026-02-14T07:29:52+01:00
lite|2026-02-14T07:49:37+01:00
lite|2026-02-14T08:44:45+01:00
lite|2026-02-14T08:59:36+01:00
mycket|2026-02-14T09:48:39+01:00
mellan|2026-02-14T10:01:22+01:00
lite|2026-02-14T10:26:48+01:00
mellan|2026-02-14T11:49:12+01:00
lite|2026-02-14T12:35:34+01:00
lite|2026-02-14T13:19:49+01:00
mellan|2026-02-14T13:30:08+01:00
mellan|2026-02-14T14:26:19+01:00
mycket|2026-02-14T14:49:02+01:00
mycket|2026-02-14T15:27:18+01:00
mellan|2026-02-14T15:41:23+01:00
mycket|2026-02-14T18:39:14+01:00
mellan|2026-02-14T18:43:51+01:00
mellan|2026-02-14T19:08:25+01:00
mellan|2026-02-14T19:45:50+01:00
lite|2026-02-14T19:55:29+01:00
mellan|2026-02-14T20:03:12+01:00
lite|2026-02-14T20:48:20+01:00
lite|2026-02-14T21:08:32+01:00
mycket|2026-02-14T21:28:05+01:00
mellan|2026-02-14T21:46:20+01:00
mycket|2026-02-14T22:15:33+01:00
mycket|2026-02-14T22:26:14+01:00
lite|2026-02-14T22:27:58+01:00
mycket|2026-02-14T22:28:55+01:00
mycket|2026-02-14T22:36:38+01:00
lite|2026-02-14T22:57:40+01:00
mellan|2026-02-14T23:02:35+01:00
mellan|2026-02-14T23:48:13+01:00
mellan|2026-02-15T00:12:44+01:00
mellan|2026-02-15T00:31:54+01:00
lite|2026-02-15T02:29:37+01:00
mellan|2026-02-15T03:11:12+01:00
mellan|2026-02-15T03:26:05+01:00
mycket|2026-02-15T03:36:53+01:00
mellan|2026-02-15T05:10:58+01:00
mellan|2026-02-15T06:22:02+01:00
mellan|2026-02-15T08:44:55+01:00
mellan|2026-02-15T08:46:07+01:00
mellan|2026-02-15T08:49:45+01:00
mellan|2026-02-15T09:19:11+01:00
mellan|2026-02-15T09:39:26+01:00
mellan|2026-02-15T09:42:30+01:00
lite|2026-02-15T09:43:21+01:00
lite|2026-02-15T10:28:53+01:00
lite|2026-02-15T11:01:21+01:00
lite|2026-02-15T11:11:07+01:00
mycket|2026-02-15T12:00:07+01:00
mellan|2026-02-15T12:05:03+01:00
mycket|2026-02-15T12:35:51+01:00
mycket|2026-02-15T12:41:58+01:00
lite|2026-02-15T12:43:30+01:00
mycket|2026-02-15T12:46:36+01:00
lite|2026-02-15T12:46:49+01:00
mellan|2026-02-15T12:50:52+01:00
mellan|2026-02-15T13:24:52+01:00
lite|2026-02-15T13:38:07+01:00
mellan|2026-02-15T14:01:51+01:00
mellan|2026-02-15T14:35:04+01:00
mellan|2026-02-15T14:38:38+01:00
mycket|2026-02-15T15:50:07+01:00
mycket|2026-02-15T16:11:56+01:00
lite|2026-02-15T16:12:21+01:00
mycket|2026-02-15T17:29:47+01:00
mycket|2026-02-15T17:33:13+01:00
mycket|2026-02-15T17:33:46+01:00
mycket|2026-02-15T18:05:30+01:00
mycket|2026-02-15T18:06:36+01:00
mycket|2026-02-15T18:10:24+01:00
mycket|2026-02-15T18:20:16+01:00
mellan|2026-02-15T18:50:45+01:00
mycket|2026-02-15T18:53:10+01:00
mycket|2026-02-15T18:57:55+01:00
mycket|2026-02-15T19:44:38+01:00
mellan|2026-02-15T20:12:00+01:00
mycket|2026-02-15T20:20:35+01:00
mellan|2026-02-15T20:40:23+01:00
mellan|2026-02-15T20:45:54+01:00
lite|2026-02-15T20:46:50+01:00
mellan|2026-02-15T20:53:33+01:00
mellan|2026-02-15T21:13:03+01:00
mycket|2026-02-15T21:19:19+01:00
mellan|2026-02-15T21:38:56+01:00
mellan|2026-02-15T21:41:08+01:00
lite|2026-02-15T21:49:12+01:00
mellan|2026-02-15T22:05:49+01:00
mycket|2026-02-15T22:17:39+01:00
lite|2026-02-15T22:22:04+01:00
mellan|2026-02-15T22:55:09+01:00
mellan|2026-02-15T22:56:29+01:00
lite|2026-02-15T23:00:39+01:00
mellan|2026-02-15T23:10:43+01:00
mellan|2026-02-15T23:22:59+01:00
lite|2026-02-16T05:54:38+01:00
lite|2026-02-16T06:01:30+01:00
mellan|2026-02-16T06:24:03+01:00
mycket|2026-02-16T07:19:43+01:00
mycket|2026-02-16T07:51:58+01:00
lite|2026-02-16T08:07:00+01:00
mellan|2026-02-16T08:57:39+01:00
mellan|2026-02-16T09:02:29+01:00
mycket|2026-02-16T09:18:17+01:00
mellan|2026-02-16T12:21:52+01:00
mellan|2026-02-16T12:56:02+01:00
mycket|2026-02-16T12:57:21+01:00
lite|2026-02-16T13:45:38+01:00
mycket|2026-02-16T17:06:13+01:00
lite|2026-02-16T17:17:09+01:00
mellan|2026-02-16T18:44:44+01:00
lite|2026-02-16T20:09:49+01:00
lite|2026-02-16T20:30:14+01:00
mellan|2026-02-16T20:40:57+01:00
mellan|2026-02-16T20:42:07+01:00
mellan|2026-02-16T20:47:19+01:00
mellan|2026-02-16T20:51:34+01:00
mellan|2026-02-16T21:07:00+01:00
lite|2026-02-16T21:33:43+01:00
mellan|2026-02-16T21:36:15+01:00
mycket|2026-02-16T22:48:29+01:00
mycket|2026-02-17T07:59:45+01:00
mellan|2026-02-17T10:10:30+01:00
mycket|2026-02-17T12:36:08+01:00
mycket|2026-02-17T12:52:44+01:00
mellan|2026-02-17T12:55:56+01:00
lite|2026-02-17T13:11:44+01:00
mellan|2026-02-17T13:45:50+01:00
mellan|2026-02-17T15:37:26+01:00
mellan|2026-02-17T15:54:10+01:00
mellan|2026-02-17T16:04:30+01:00
mellan|2026-02-17T16:37:38+01:00
mellan|2026-02-17T16:42:03+01:00
mellan|2026-02-17T17:04:50+01:00
mycket|2026-02-17T17:15:11+01:00
mellan|2026-02-17T17:52:28+01:00
lite|2026-02-17T21:27:36+01:00
mellan|2026-02-17T21:49:52+01:00
mellan|2026-02-17T23:04:38+01:00
mycket|2026-02-18T04:59:38+01:00
mycket|2026-02-18T06:01:09+01:00
lite|2026-02-18T07:00:39+01:00
lite|2026-02-18T07:09:38+01:00
mycket|2026-02-18T07:11:58+01:00
mycket|2026-02-18T07:30:40+01:00
lite|2026-02-18T08:28:23+01:00
lite|2026-02-18T08:31:48+01:00
mycket|2026-02-18T09:32:27+01:00
mellan|2026-02-18T09:56:20+01:00
mellan|2026-02-18T10:32:17+01:00
mycket|2026-02-18T11:05:08+01:00
mellan|2026-02-18T11:39:36+01:00
mellan|2026-02-18T11:44:15+01:00
mellan|2026-02-18T11:54:16+01:00
lite|2026-02-18T12:41:16+01:00
mellan|2026-02-18T12:49:00+01:00
mellan|2026-02-18T13:08:54+01:00
mellan|2026-02-18T13:20:45+01:00
mycket|2026-02-18T13:34:13+01:00
mellan|2026-02-18T13:35:03+01:00
mellan|2026-02-18T14:51:18+01:00
lite|2026-02-18T15:05:33+01:00
mellan|2026-02-18T15:10:36+01:00
mellan|2026-02-18T15:12:35+01:00
mellan|2026-02-18T15:22:14+01:00
mellan|2026-02-18T15:44:05+01:00
mellan|2026-02-18T16:27:08+01:00
mycket|2026-02-18T16:30:36+01:00
lite|2026-02-18T17:22:07+01:00
lite|2026-02-18T17:23:02+01:00
mellan|2026-02-18T17:45:23+01:00
lite|2026-02-18T18:36:31+01:00
mycket|2026-02-18T19:13:36+01:00
mellan|2026-02-18T19:26:55+01:00
mellan|2026-02-18T20:15:42+01:00
mellan|2026-02-18T20:36:16+01:00
mellan|2026-02-18T20:42:09+01:00
lite|2026-02-18T20:54:48+01:00
mellan|2026-02-18T21:17:16+01:00
mellan|2026-02-18T21:19:39+01:00
mellan|2026-02-18T21:38:59+01:00
lite|2026-02-18T21:43:19+01:00
mellan|2026-02-18T21:55:02+01:00
mycket|2026-02-18T22:15:27+01:00
mellan|2026-02-18T22:45:58+01:00
mellan|2026-02-18T22:53:26+01:00
mycket|2026-02-18T23:04:43+01:00
mellan|2026-02-18T23:42:08+01:00
mycket|2026-02-18T23:51:47+01:00
mellan|2026-02-19T07:10:29+01:00
mellan|2026-02-19T07:34:40+01:00
mellan|2026-02-19T10:37:25+01:00
mellan|2026-02-19T10:43:45+01:00
lite|2026-02-19T11:17:17+01:00
mellan|2026-02-19T11:33:55+01:00
lite|2026-02-19T11:47:48+01:00
mellan|2026-02-19T11:51:28+01:00
lite|2026-02-19T12:33:43+01:00
mycket|2026-02-19T19:15:46+01:00
mycket|2026-02-19T20:33:21+01:00
mycket|2026-02-19T21:39:58+01:00
mellan|2026-02-20T00:00:53+01:00
mellan|2026-02-20T00:02:42+01:00
mellan|2026-02-20T00:45:49+01:00
mycket|2026-02-20T01:31:09+01:00
mellan|2026-02-20T04:39:05+01:00
lite|2026-02-20T06:46:16+01:00
mellan|2026-02-20T07:38:08+01:00
lite|2026-02-20T08:04:17+01:00
mellan|2026-02-20T08:21:57+01:00
mellan|2026-02-20T09:07:44+01:00
mycket|2026-02-20T11:12:11+01:00
mellan|2026-02-20T11:42:59+01:00
lite|2026-02-20T12:03:40+01:00
mellan|2026-02-20T12:46:18+01:00
lite|2026-02-20T12:53:29+01:00
mycket|2026-02-20T13:06:40+01:00
mellan|2026-02-20T13:21:03+01:00
mellan|2026-02-20T14:16:06+01:00
mycket|2026-02-20T14:33:06+01:00
mellan|2026-02-20T14:39:41+01:00
lite|2026-02-20T14:54:46+01:00
mellan|2026-02-20T15:17:49+01:00
mellan|2026-02-20T17:59:22+01:00
lite|2026-02-20T18:07:45+01:00
mellan|2026-02-20T18:57:53+01:00
mycket|2026-02-20T19:06:09+01:00
lite|2026-02-20T19:23:34+01:00
lite|2026-02-20T20:41:36+01:00
mellan|2026-02-20T21:11:28+01:00
mellan|2026-02-20T21:34:14+01:00
mellan|2026-02-20T22:49:49+01:00
mellan|2026-02-20T23:12:39+01:00
mellan|2026-02-20T23:42:12+01:00
mellan|2026-02-20T23:52:49+01:00
mellan|2026-02-21T01:21:03+01:00
lite|2026-02-21T01:40:03+01:00
lite|2026-02-21T05:06:50+01:00
mellan|2026-02-21T06:12:27+01:00
mycket|2026-02-21T07:38:51+01:00
lite|2026-02-21T07:41:37+01:00
mycket|2026-02-21T08:26:10+01:00
mycket|2026-02-21T08:43:36+01:00
mellan|2026-02-21T09:02:12+01:00
mycket|2026-02-21T10:04:02+01:00
lite|2026-02-21T12:50:13+01:00
mellan|2026-02-21T16:00:00+01:00
lite|2026-02-21T16:01:30+01:00
mellan|2026-02-21T16:56:40+01:00
lite|2026-02-21T17:28:15+01:00
mycket|2026-02-21T18:15:44+01:00
mellan|2026-02-21T18:21:04+01:00
mellan|2026-02-21T18:49:10+01:00
lite|2026-02-21T19:33:29+01:00
mellan|2026-02-21T20:25:07+01:00
lite|2026-02-21T21:04:52+01:00
mycket|2026-02-21T21:06:29+01:00
mellan|2026-02-21T21:41:19+01:00
mellan|2026-02-21T21:47:43+01:00
mycket|2026-02-21T22:34:09+01:00
mellan|2026-02-21T23:15:31+01:00
lite|2026-02-21T23:51:28+01:00
mellan|2026-02-22T00:15:12+01:00
lite|2026-02-22T09:31:39+01:00
mycket|2026-02-22T09:50:09+01:00
mellan|2026-02-22T11:27:16+01:00
mellan|2026-02-22T17:06:39+01:00
mellan|2026-02-22T18:50:19+01:00
mycket|2026-02-22T19:02:03+01:00
mellan|2026-02-22T19:33:28+01:00
mellan|2026-02-22T20:34:32+01:00
mellan|2026-02-22T20:42:13+01:00
mellan|2026-02-22T20:44:08+01:00
mellan|2026-02-22T20:59:34+01:00
mellan|2026-02-22T21:48:29+01:00
mellan|2026-02-22T22:39:44+01:00
mellan|2026-02-22T23:30:31+01:00
lite|2026-02-23T00:02:02+01:00
lite|2026-02-23T01:27:47+01:00
mellan|2026-02-23T07:31:15+01:00
lite|2026-02-23T07:47:26+01:00
mycket|2026-02-23T08:29:54+01:00
mycket|2026-02-23T08:46:12+01:00
mellan|2026-02-23T09:22:18+01:00
mellan|2026-02-23T09:30:53+01:00
mellan|2026-02-23T10:27:37+01:00
mycket|2026-02-23T11:39:34+01:00
mellan|2026-02-23T12:02:18+01:00
mycket|2026-02-23T12:12:47+01:00
mellan|2026-02-23T12:49:07+01:00
mycket|2026-02-23T12:56:18+01:00
mellan|2026-02-23T13:14:04+01:00
mycket|2026-02-23T13:29:45+01:00
mycket|2026-02-23T13:51:51+01:00
lite|2026-02-23T14:33:31+01:00
mellan|2026-02-23T16:56:27+01:00
lite|2026-02-23T18:29:29+01:00
mellan|2026-02-23T18:35:54+01:00
mellan|2026-02-23T19:03:17+01:00
mellan|2026-02-23T20:32:02+01:00
mellan|2026-02-23T20:44:46+01:00
lite|2026-02-23T21:04:24+01:00
mellan|2026-02-23T21:29:26+01:00
mellan|2026-02-23T21:31:32+01:00
lite|2026-02-23T21:40:39+01:00
mycket|2026-02-23T22:09:58+01:00
lite|2026-02-23T22:25:11+01:00
mellan|2026-02-23T22:29:11+01:00
mycket|2026-02-23T22:46:28+01:00
mycket|2026-02-23T23:01:30+01:00
mellan|2026-02-23T23:12:21+01:00
mycket|2026-02-24T05:23:11+01:00
mellan|2026-02-24T06:22:18+01:00
mellan|2026-02-24T06:24:23+01:00
mellan|2026-02-24T07:09:31+01:00
mellan|2026-02-24T07:25:57+01:00
mycket|2026-02-24T08:21:15+01:00
mycket|2026-02-24T08:45:34+01:00
mycket|2026-02-24T08:59:10+01:00
mellan|2026-02-24T09:40:01+01:00
mellan|2026-02-24T10:22:57+01:00
lite|2026-02-24T10:23:18+01:00
mellan|2026-02-24T10:33:41+01:00
lite|2026-02-24T11:04:01+01:00
mycket|2026-02-24T12:28:47+01:00
mycket|2026-02-24T12:31:32+01:00
mycket|2026-02-24T16:42:44+01:00
mellan|2026-02-24T16:58:43+01:00
mycket|2026-02-24T17:18:28+01:00
mycket|2026-02-24T17:29:19+01:00
lite|2026-02-24T18:21:47+01:00
lite|2026-02-24T18:41:41+01:00
mellan|2026-02-24T19:17:03+01:00
mycket|2026-02-24T19:47:48+01:00
lite|2026-02-24T20:35:45+01:00
lite|2026-02-24T21:44:51+01:00
lite|2026-02-24T22:12:57+01:00
lite|2026-02-24T22:19:10+01:00
mellan|2026-02-24T23:04:06+01:00
mycket|2026-02-24T23:13:48+01:00
mellan|2026-02-24T23:34:59+01:00
lite|2026-02-25T00:47:34+01:00
mellan|2026-02-25T02:39:53+01:00
mellan|2026-02-25T04:20:22+01:00
mellan|2026-02-25T05:43:35+01:00
mellan|2026-02-25T07:20:36+01:00
lite|2026-02-25T08:19:30+01:00
mellan|2026-02-25T08:29:59+01:00
lite|2026-02-25T09:33:14+01:00
mellan|2026-02-25T09:53:24+01:00
mycket|2026-02-25T09:56:28+01:00
mellan|2026-02-25T10:50:00+01:00
mycket|2026-02-25T11:11:13+01:00
mycket|2026-02-25T11:11:53+01:00
mycket|2026-02-25T11:40:53+01:00
mycket|2026-02-25T11:48:36+01:00
mellan|2026-02-25T12:07:46+01:00
mycket|2026-02-25T12:20:03+01:00
mycket|2026-02-25T12:28:55+01:00
mellan|2026-02-25T12:45:18+01:00
lite|2026-02-25T13:09:45+01:00
mellan|2026-02-25T13:23:00+01:00
mellan|2026-02-25T14:10:34+01:00
mellan|2026-02-25T14:28:18+01:00
mycket|2026-02-25T14:53:37+01:00
lite|2026-02-25T15:36:48+01:00
mellan|2026-02-25T16:52:52+01:00
lite|2026-02-25T17:21:04+01:00
mellan|2026-02-25T18:24:05+01:00
mycket|2026-02-25T18:31:35+01:00
lite|2026-02-25T18:32:03+01:00
mellan|2026-02-25T19:17:26+01:00
mellan|2026-02-25T20:12:01+01:00
mycket|2026-02-25T20:57:27+01:00
lite|2026-02-25T21:43:42+01:00
lite|2026-02-25T21:46:58+01:00
mellan|2026-02-25T22:25:59+01:00
mellan|2026-02-25T22:50:09+01:00
mellan|2026-02-25T23:25:12+01:00
mycket|2026-02-26T06:23:26+01:00
mellan|2026-02-26T07:08:59+01:00
mellan|2026-02-26T07:16:02+01:00
mycket|2026-02-26T08:05:27+01:00
mellan|2026-02-26T08:14:19+01:00
mellan|2026-02-26T08:20:55+01:00
lite|2026-02-26T11:11:31+01:00
mellan|2026-02-26T11:37:03+01:00
mellan|2026-02-26T11:49:31+01:00
mellan|2026-02-26T12:09:00+01:00
mellan|2026-02-26T12:44:23+01:00
mellan|2026-02-26T12:45:19+01:00
mellan|2026-02-26T13:46:36+01:00
lite|2026-02-26T14:38:33+01:00
mellan|2026-02-26T15:44:08+01:00
mycket|2026-02-26T16:04:38+01:00
lite|2026-02-26T16:53:12+01:00
lite|2026-02-26T17:44:53+01:00
lite|2026-02-26T18:30:44+01:00
lite|2026-02-26T18:36:27+01:00
mycket|2026-02-26T18:48:06+01:00
lite|2026-02-26T19:01:07+01:00
mellan|2026-02-26T19:04:32+01:00
mycket|2026-02-26T19:23:06+01:00
lite|2026-02-26T19:48:06+01:00
mellan|2026-02-26T20:02:12+01:00
lite|2026-02-26T21:04:01+01:00
lite|2026-02-26T21:14:08+01:00
lite|2026-02-26T21:26:29+01:00
mellan|2026-02-26T21:32:37+01:00
mycket|2026-02-26T21:45:35+01:00
mellan|2026-02-26T21:51:19+01:00
mellan|2026-02-26T22:10:06+01:00
mellan|2026-02-26T23:03:18+01:00
lite|2026-02-27T03:47:03+01:00
lite|2026-02-27T07:53:22+01:00
mellan|2026-02-27T08:29:06+01:00
mycket|2026-02-27T08:32:49+01:00
lite|2026-02-27T09:18:10+01:00
mellan|2026-02-27T09:22:01+01:00
mellan|2026-02-27T10:36:04+01:00
mellan|2026-02-27T11:46:02+01:00
lite|2026-02-27T13:44:37+01:00
mellan|2026-02-27T14:32:14+01:00
mellan|2026-02-27T16:01:11+01:00
lite|2026-02-27T16:14:40+01:00
mellan|2026-02-27T16:24:18+01:00
mellan|2026-02-27T16:31:48+01:00
mellan|2026-02-27T16:43:05+01:00
mellan|2026-02-27T17:18:54+01:00
lite|2026-02-27T17:46:06+01:00
mellan|2026-02-27T18:00:33+01:00
lite|2026-02-27T18:17:48+01:00
mycket|2026-02-27T18:25:31+01:00
mycket|2026-02-27T19:11:28+01:00
mellan|2026-02-27T19:25:22+01:00
mellan|2026-02-27T19:43:06+01:00
mycket|2026-02-27T20:17:48+01:00
mellan|2026-02-27T20:20:07+01:00
mellan|2026-02-27T20:43:53+01:00
mellan|2026-02-27T20:57:10+01:00
mellan|2026-02-27T21:17:37+01:00
lite|2026-02-27T21:57:53+01:00
lite|2026-02-27T22:13:37+01:00
mellan|2026-02-27T22:23:11+01:00
mellan|2026-02-27T22:54:45+01:00
lite|2026-02-27T23:07:14+01:00
mycket|2026-02-27T23:21:12+01:00
mellan|2026-02-28T05:42:55+01:00
mycket|2026-02-28T07:10:01+01:00
lite|2026-02-28T07:44:04+01:00
mellan|2026-02-28T08:03:25+01:00
mellan|2026-02-28T09:42:31+01:00
lite|2026-02-28T09:42:55+01:00
mellan|2026-02-28T10:15:41+01:00
lite|2026-02-28T11:21:51+01:00
lite|2026-02-28T12:24:31+01:00
mellan|2026-02-28T16:26:17+01:00
mycket|2026-02-28T17:30:30+01:00
mycket|2026-02-28T17:31:42+01:00
lite|2026-02-28T17:48:02+01:00
mellan|2026-02-28T18:06:48+01:00
mellan|2026-02-28T18:08:53+01:00
mellan|2026-02-28T18:24:06+01:00
mycket|2026-02-28T18:24:39+01:00
mellan|2026-02-28T20:18:20+01:00
lite|2026-02-28T20:49:31+01:00
mellan|2026-02-28T21:28:29+01:00
lite|2026-02-28T21:37:01+01:00
mellan|2026-02-28T22:07:24+01:00
mellan|2026-02-28T22:10:31+01:00
mellan|2026-02-28T23:26:22+01:00
lite|2026-03-01T01:45:33+01:00
mellan|2026-03-01T07:21:17+01:00
mellan|2026-03-01T07:43:13+01:00
mellan|2026-03-01T08:43:48+01:00
mycket|2026-03-01T09:25:16+01:00
lite|2026-03-01T13:36:06+01:00
mycket|2026-03-01T14:36:46+01:00
mellan|2026-03-01T15:01:20+01:00
mellan|2026-03-01T15:48:35+01:00
mellan|2026-03-01T16:23:29+01:00
mellan|2026-03-01T16:48:42+01:00
mellan|2026-03-01T17:18:16+01:00
lite|2026-03-01T17:39:54+01:00
lite|2026-03-01T18:13:42+01:00
mellan|2026-03-01T18:23:27+01:00
lite|2026-03-01T19:50:04+01:00
lite|2026-03-01T20:05:45+01:00
lite|2026-03-01T20:29:17+01:00
mycket|2026-03-01T21:27:42+01:00
mellan|2026-03-01T21:30:27+01:00
mellan|2026-03-01T21:41:52+01:00
mellan|2026-03-01T23:25:51+01:00
mellan|2026-03-02T06:57:05+01:00
mellan|2026-03-02T07:12:01+01:00
lite|2026-03-02T07:38:07+01:00
mellan|2026-03-02T08:08:01+01:00
mycket|2026-03-02T08:42:53+01:00
mellan|2026-03-02T09:06:11+01:00
mycket|2026-03-02T10:36:47+01:00
mellan|2026-03-02T10:38:15+01:00
lite|2026-03-02T11:04:57+01:00
mycket|2026-03-02T12:53:37+01:00
lite|2026-03-02T13:53:46+01:00
mellan|2026-03-02T14:41:57+01:00
mycket|2026-03-02T14:52:18+01:00
mellan|2026-03-02T20:33:16+01:00
mellan|2026-03-02T21:04:40+01:00
mycket|2026-03-02T21:29:31+01:00
mellan|2026-03-02T21:42:35+01:00
lite|2026-03-02T21:46:31+01:00
lite|2026-03-02T21:47:15+01:00
lite|2026-03-02T22:42:42+01:00
mycket|2026-03-03T06:34:23+01:00
mycket|2026-03-03T06:41:11+01:00
mellan|2026-03-03T07:34:27+01:00
mellan|2026-03-03T08:30:45+01:00
lite|2026-03-03T08:33:45+01:00
lite|2026-03-03T10:05:59+01:00
lite|2026-03-03T10:13:55+01:00
lite|2026-03-03T10:17:56+01:00
lite|2026-03-03T11:26:16+01:00
lite|2026-03-03T12:38:46+01:00
mycket|2026-03-03T12:41:57+01:00
mellan|2026-03-03T13:51:43+01:00
lite|2026-03-03T15:26:59+01:00
lite|2026-03-03T17:19:40+01:00
mellan|2026-03-03T18:20:36+01:00
mellan|2026-03-03T19:50:20+01:00
mellan|2026-03-03T19:50:42+01:00
mellan|2026-03-03T20:26:50+01:00
mellan|2026-03-03T20:29:44+01:00
lite|2026-03-03T20:56:58+01:00
mellan|2026-03-03T21:08:00+01:00
lite|2026-03-03T21:42:51+01:00
mycket|2026-03-03T21:44:16+01:00
lite|2026-03-03T21:48:08+01:00
lite|2026-03-03T22:25:59+01:00
lite|2026-03-03T22:40:20+01:00
lite|2026-03-03T22:52:49+01:00
mellan|2026-03-03T22:54:28+01:00
mycket|2026-03-04T03:16:15+01:00
mycket|2026-03-04T06:39:27+01:00
mellan|2026-03-04T07:45:13+01:00
mellan|2026-03-04T07:45:33+01:00
lite|2026-03-04T08:23:10+01:00
mellan|2026-03-04T08:37:52+01:00
mellan|2026-03-04T08:57:35+01:00
mellan|2026-03-04T09:10:32+01:00
lite|2026-03-04T09:11:26+01:00
mycket|2026-03-04T10:01:59+01:00
mellan|2026-03-04T10:06:35+01:00
mellan|2026-03-04T11:05:26+01:00
lite|2026-03-04T12:15:30+01:00
mellan|2026-03-04T12:29:08+01:00
mycket|2026-03-04T12:44:25+01:00
lite|2026-03-04T13:24:53+01:00
mellan|2026-03-04T15:00:30+01:00
lite|2026-03-04T15:16:44+01:00
lite|2026-03-04T16:08:27+01:00
mellan|2026-03-04T18:14:58+01:00
mycket|2026-03-04T18:19:25+01:00
mycket|2026-03-04T18:52:18+01:00
mellan|2026-03-04T20:02:00+01:00
mellan|2026-03-04T20:27:09+01:00
mycket|2026-03-04T20:45:27+01:00
mellan|2026-03-04T21:50:17+01:00
mycket|2026-03-04T22:23:37+01:00
mycket|2026-03-04T22:29:52+01:00
mycket|2026-03-04T23:42:51+01:00
mycket|2026-03-05T00:02:41+01:00
mycket|2026-03-05T03:29:53+01:00
lite|2026-03-05T08:05:13+01:00
mellan|2026-03-05T08:14:11+01:00
mycket|2026-03-05T09:10:47+01:00
mellan|2026-03-05T09:58:04+01:00
mellan|2026-03-05T11:43:07+01:00
mellan|2026-03-05T11:45:29+01:00
mycket|2026-03-05T11:56:16+01:00
mycket|2026-03-05T11:57:42+01:00
lite|2026-03-05T12:08:31+01:00
mellan|2026-03-05T12:45:35+01:00
mycket|2026-03-05T15:40:17+01:00
mellan|2026-03-05T16:06:56+01:00
lite|2026-03-05T16:54:46+01:00
lite|2026-03-05T18:00:33+01:00
mellan|2026-03-05T18:06:53+01:00
mellan|2026-03-05T19:51:28+01:00
lite|2026-03-05T20:09:35+01:00
mellan|2026-03-05T20:16:33+01:00
lite|2026-03-05T21:47:23+01:00
lite|2026-03-05T22:20:47+01:00
mellan|2026-03-05T23:59:31+01:00
mellan|2026-03-06T01:13:10+01:00
lite|2026-03-06T08:19:31+01:00
mellan|2026-03-06T10:49:55+01:00
lite|2026-03-06T13:41:48+01:00
mellan|2026-03-06T18:05:25+01:00
lite|2026-03-06T20:58:19+01:00
mycket|2026-03-06T21:47:04+01:00
mellan|2026-03-06T21:51:41+01:00
mellan|2026-03-06T22:51:36+01:00
mellan|2026-03-07T01:25:07+01:00
mellan|2026-03-07T06:04:58+01:00
lite|2026-03-07T07:01:44+01:00
mellan|2026-03-07T07:27:26+01:00
mellan|2026-03-07T07:27:51+01:00
mellan|2026-03-07T07:42:29+01:00
lite|2026-03-07T08:08:43+01:00
lite|2026-03-07T09:05:47+01:00
mellan|2026-03-07T09:25:02+01:00
mellan|2026-03-07T09:40:27+01:00
mycket|2026-03-07T10:05:49+01:00
mellan|2026-03-07T11:43:06+01:00
lite|2026-03-07T11:58:55+01:00
mellan|2026-03-07T12:08:08+01:00
mellan|2026-03-07T12:52:39+01:00
mellan|2026-03-07T13:12:31+01:00
mycket|2026-03-07T13:17:36+01:00
mellan|2026-03-07T14:58:51+01:00
mycket|2026-03-07T15:42:28+01:00
mellan|2026-03-07T16:29:43+01:00
mellan|2026-03-07T18:22:42+01:00
mellan|2026-03-07T18:33:05+01:00
mellan|2026-03-07T19:09:59+01:00
mycket|2026-03-07T19:27:53+01:00
mellan|2026-03-07T19:29:44+01:00
mellan|2026-03-07T19:36:52+01:00
mellan|2026-03-07T19:44:43+01:00
mycket|2026-03-07T19:47:38+01:00
mycket|2026-03-07T21:13:30+01:00
mellan|2026-03-07T21:33:27+01:00
mycket|2026-03-07T22:19:20+01:00
mellan|2026-03-08T01:18:46+01:00
mellan|2026-03-08T02:10:57+01:00
mellan|2026-03-08T07:54:45+01:00
mellan|2026-03-08T09:44:47+01:00
mellan|2026-03-08T11:29:09+01:00
lite|2026-03-08T11:45:24+01:00
lite|2026-03-08T12:04:17+01:00
mellan|2026-03-08T12:14:32+01:00
mellan|2026-03-08T14:30:07+01:00
mycket|2026-03-08T14:31:47+01:00
mellan|2026-03-08T15:11:12+01:00
mellan|2026-03-08T15:15:12+01:00
mycket|2026-03-08T16:15:13+01:00
mycket|2026-03-08T16:37:46+01:00
lite|2026-03-08T16:50:26+01:00
mellan|2026-03-08T19:52:55+01:00
mellan|2026-03-08T20:18:02+01:00
mellan|2026-03-08T20:31:30+01:00
mellan|2026-03-08T20:33:01+01:00
mellan|2026-03-08T21:25:03+01:00
mellan|2026-03-08T21:42:29+01:00
mycket|2026-03-08T21:43:41+01:00
mellan|2026-03-08T21:51:54+01:00
mycket|2026-03-08T22:21:58+01:00
mycket|2026-03-08T22:22:28+01:00
mellan|2026-03-08T23:22:56+01:00
mellan|2026-03-09T06:56:35+01:00
mycket|2026-03-09T07:14:07+01:00
mycket|2026-03-09T08:17:23+01:00
mycket|2026-03-09T08:44:55+01:00
mycket|2026-03-09T09:23:10+01:00
lite|2026-03-09T14:29:53+01:00
mellan|2026-03-09T14:40:42+01:00
mellan|2026-03-09T16:10:40+01:00
mellan|2026-03-09T16:21:50+01:00
mellan|2026-03-09T16:51:04+01:00
lite|2026-03-09T19:11:52+01:00
lite|2026-03-09T19:45:03+01:00
lite|2026-03-09T20:33:26+01:00
mellan|2026-03-09T20:48:32+01:00
mycket|2026-03-09T21:06:52+01:00
mellan|2026-03-09T21:07:54+01:00
mellan|2026-03-09T21:30:21+01:00
mellan|2026-03-09T22:09:41+01:00
mellan|2026-03-09T23:49:49+01:00
mycket|2026-03-09T23:50:39+01:00
mellan|2026-03-10T07:03:53+01:00
mycket|2026-03-10T07:35:19+01:00
lite|2026-03-10T08:36:03+01:00
mycket|2026-03-10T10:19:18+01:00
lite|2026-03-10T12:22:00+01:00
mycket|2026-03-10T12:51:50+01:00
lite|2026-03-10T13:02:42+01:00
lite|2026-03-10T13:41:13+01:00
mellan|2026-03-10T13:49:10+01:00
mycket|2026-03-10T14:49:00+01:00
mellan|2026-03-10T16:04:05+01:00
lite|2026-03-10T16:43:23+01:00
mycket|2026-03-10T17:24:46+01:00
mellan|2026-03-10T18:22:07+01:00
mellan|2026-03-10T18:39:41+01:00
mellan|2026-03-10T19:07:28+01:00
mellan|2026-03-10T20:10:01+01:00
lite|2026-03-10T20:29:21+01:00
lite|2026-03-10T20:46:27+01:00
mycket|2026-03-10T20:55:19+01:00
mellan|2026-03-10T20:56:19+01:00
mellan|2026-03-10T21:36:43+01:00
mellan|2026-03-10T21:37:16+01:00
mycket|2026-03-10T21:37:36+01:00
mellan|2026-03-10T22:33:34+01:00
mellan|2026-03-10T22:39:58+01:00
lite|2026-03-10T22:42:34+01:00
lite|2026-03-10T22:57:29+01:00
lite|2026-03-10T23:26:25+01:00
lite|2026-03-10T23:51:42+01:00
lite|2026-03-11T02:40:50+01:00
mellan|2026-03-11T07:19:23+01:00
mellan|2026-03-11T07:54:26+01:00
mellan|2026-03-11T08:13:28+01:00
lite|2026-03-11T08:35:23+01:00
mellan|2026-03-11T11:05:55+01:00
mycket|2026-03-11T12:41:07+01:00
mycket|2026-03-11T12:51:39+01:00
mellan|2026-03-11T13:14:57+01:00
mycket|2026-03-11T13:18:02+01:00
mellan|2026-03-11T13:47:15+01:00
mellan|2026-03-11T14:05:03+01:00
mellan|2026-03-11T15:09:45+01:00
lite|2026-03-11T15:28:09+01:00
mycket|2026-03-11T15:46:53+01:00
mellan|2026-03-11T16:07:35+01:00
lite|2026-03-11T16:12:52+01:00
mellan|2026-03-11T16:26:52+01:00
mellan|2026-03-11T16:31:45+01:00
mellan|2026-03-11T16:50:09+01:00
mellan|2026-03-11T17:42:56+01:00
lite|2026-03-11T17:57:21+01:00
lite|2026-03-11T18:03:59+01:00
mycket|2026-03-11T19:25:37+01:00
lite|2026-03-11T19:28:44+01:00
mellan|2026-03-11T19:29:30+01:00
mellan|2026-03-11T20:32:40+01:00
mycket|2026-03-11T20:55:16+01:00
lite|2026-03-11T22:13:11+01:00
mycket|2026-03-11T22:26:30+01:00
mycket|2026-03-11T23:32:55+01:00
mycket|2026-03-12T00:29:53+01:00
mycket|2026-03-12T01:42:59+01:00
mellan|2026-03-12T07:34:38+01:00
mellan|2026-03-12T09:49:05+01:00
mellan|2026-03-12T11:06:20+01:00
mellan|2026-03-12T11:37:43+01:00
mellan|2026-03-12T12:11:26+01:00
lite|2026-03-12T12:13:29+01:00
mellan|2026-03-12T12:58:44+01:00
mellan|2026-03-12T13:07:53+01:00
lite|2026-03-12T13:14:58+01:00
mellan|2026-03-12T14:58:35+01:00
mellan|2026-03-12T15:26:04+01:00
mellan|2026-03-12T16:07:17+01:00
mycket|2026-03-12T16:48:30+01:00
mellan|2026-03-12T16:50:09+01:00
mellan|2026-03-12T17:17:56+01:00
mellan|2026-03-12T17:24:16+01:00
lite|2026-03-12T17:28:05+01:00
lite|2026-03-12T17:48:03+01:00
mycket|2026-03-12T18:15:31+01:00
lite|2026-03-12T18:31:55+01:00
mellan|2026-03-12T18:32:18+01:00
lite|2026-03-12T18:51:20+01:00
mellan|2026-03-12T19:10:00+01:00
mycket|2026-03-12T19:22:53+01:00
mycket|2026-03-12T20:17:15+01:00
mellan|2026-03-12T20:36:04+01:00
mellan|2026-03-12T20:41:50+01:00
mycket|2026-03-12T21:53:56+01:00
mellan|2026-03-12T22:03:12+01:00
lite|2026-03-12T22:16:24+01:00
mellan|2026-03-12T22:17:38+01:00
mellan|2026-03-12T22:38:30+01:00
lite|2026-03-12T22:40:16+01:00
mycket|2026-03-12T23:11:01+01:00
mellan|2026-03-12T23:17:50+01:00
mellan|2026-03-12T23:34:10+01:00
mellan|2026-03-12T23:43:10+01:00
mycket|2026-03-12T23:50:15+01:00
mycket|2026-03-13T00:11:26+01:00
lite|2026-03-13T00:47:01+01:00
mellan|2026-03-13T00:52:40+01:00
lite|2026-03-13T06:20:27+01:00
mellan|2026-03-13T07:15:12+01:00
mycket|2026-03-13T07:56:41+01:00
mellan|2026-03-13T08:04:08+01:00
mellan|2026-03-13T08:23:59+01:00
mellan|2026-03-13T10:31:23+01:00
mellan|2026-03-13T10:35:56+01:00
mellan|2026-03-13T12:40:40+01:00
lite|2026-03-13T12:56:36+01:00
mycket|2026-03-13T13:07:43+01:00
mellan|2026-03-13T13:38:22+01:00
lite|2026-03-13T14:07:22+01:00
mycket|2026-03-13T15:51:01+01:00
mellan|2026-03-13T16:33:48+01:00
mycket|2026-03-13T16:45:45+01:00
mycket|2026-03-13T17:14:56+01:00
mellan|2026-03-13T17:20:00+01:00
mycket|2026-03-13T17:42:47+01:00
lite|2026-03-13T17:57:53+01:00
mellan|2026-03-13T18:21:53+01:00
mellan|2026-03-13T19:31:48+01:00
mellan|2026-03-13T19:36:11+01:00
mellan|2026-03-13T19:45:22+01:00
lite|2026-03-13T20:03:17+01:00
mycket|2026-03-13T21:12:54+01:00
lite|2026-03-13T21:40:19+01:00
lite|2026-03-13T21:51:44+01:00
mellan|2026-03-13T22:36:32+01:00
lite|2026-03-13T22:41:43+01:00
mellan|2026-03-13T23:14:44+01:00
mycket|2026-03-13T23:44:43+01:00
lite|2026-03-14T00:24:29+01:00
mycket|2026-03-14T00:37:42+01:00
mellan|2026-03-14T06:19:37+01:00
lite|2026-03-14T06:32:52+01:00
mellan|2026-03-14T08:03:58+01:00
mellan|2026-03-14T08:58:51+01:00
mycket|2026-03-14T09:36:08+01:00
lite|2026-03-14T09:58:12+01:00
mycket|2026-03-14T10:26:30+01:00
mycket|2026-03-14T10:38:50+01:00
mellan|2026-03-14T11:40:27+01:00
mellan|2026-03-14T12:03:52+01:00
mellan|2026-03-14T12:12:06+01:00
mellan|2026-03-14T12:21:18+01:00
mycket|2026-03-14T12:42:30+01:00
mellan|2026-03-14T12:54:44+01:00
lite|2026-03-14T13:06:39+01:00
mellan|2026-03-14T14:06:40+01:00
lite|2026-03-14T14:15:08+01:00
lite|2026-03-14T18:04:37+01:00
mellan|2026-03-14T18:21:39+01:00
mellan|2026-03-14T19:35:03+01:00
mycket|2026-03-14T21:04:49+01:00
mellan|2026-03-14T21:27:22+01:00
mellan|2026-03-14T22:39:06+01:00
mellan|2026-03-14T22:49:09+01:00
mellan|2026-03-14T22:50:01+01:00
mellan|2026-03-14T23:38:44+01:00
mellan|2026-03-14T23:48:22+01:00
lite|2026-03-15T06:09:56+01:00
mellan|2026-03-15T07:01:35+01:00
mellan|2026-03-15T07:53:43+01:00
mellan|2026-03-15T08:54:35+01:00
mellan|2026-03-15T09:11:53+01:00
mellan|2026-03-15T09:29:15+01:00
lite|2026-03-15T09:30:47+01:00
lite|2026-03-15T09:34:18+01:00
mycket|2026-03-15T10:02:48+01:00
mycket|2026-03-15T11:12:40+01:00
mellan|2026-03-15T11:14:56+01:00
lite|2026-03-15T12:03:40+01:00
lite|2026-03-15T12:06:29+01:00
lite|2026-03-15T13:10:33+01:00
lite|2026-03-15T13:38:27+01:00
mellan|2026-03-15T13:52:00+01:00
mellan|2026-03-15T15:42:39+01:00
mellan|2026-03-15T16:31:33+01:00
mycket|2026-03-15T16:48:56+01:00
mellan|2026-03-15T19:44:14+01:00
mellan|2026-03-15T19:56:07+01:00
mellan|2026-03-15T20:02:01+01:00
mellan|2026-03-15T21:12:34+01:00
mellan|2026-03-15T21:51:47+01:00
mellan|2026-03-15T22:13:46+01:00
lite|2026-03-15T22:31:14+01:00
lite|2026-03-15T22:54:32+01:00
lite|2026-03-15T23:56:27+01:00
mellan|2026-03-16T02:28:14+01:00
mellan|2026-03-16T07:57:05+01:00
mycket|2026-03-16T10:02:29+01:00
mellan|2026-03-16T11:14:06+01:00
lite|2026-03-16T11:52:22+01:00
mellan|2026-03-16T12:28:29+01:00
mycket|2026-03-16T13:25:52+01:00
mellan|2026-03-16T13:31:20+01:00
mellan|2026-03-16T13:34:12+01:00
mellan|2026-03-16T14:24:36+01:00
mellan|2026-03-16T15:15:25+01:00
mellan|2026-03-16T16:34:41+01:00
lite|2026-03-16T18:08:54+01:00
lite|2026-03-16T18:40:58+01:00
lite|2026-03-16T19:13:14+01:00
mycket|2026-03-16T19:16:19+01:00
mellan|2026-03-16T19:45:31+01:00
mycket|2026-03-16T20:18:28+01:00
mellan|2026-03-16T20:54:17+01:00
mellan|2026-03-16T20:58:16+01:00
mellan|2026-03-16T21:16:35+01:00
lite|2026-03-17T00:41:32+01:00
lite|2026-03-17T03:08:36+01:00
mellan|2026-03-17T12:47:00+01:00
lite|2026-03-17T14:28:28+01:00
mellan|2026-03-17T18:35:48+01:00
mellan|2026-03-17T20:13:30+01:00
mellan|2026-03-17T21:21:50+01:00
lite|2026-03-17T21:27:49+01:00
mellan|2026-03-17T23:55:25+01:00
mellan|2026-03-18T06:33:00+01:00
mellan|2026-03-18T06:57:55+01:00
mellan|2026-03-18T07:34:26+01:00
mycket|2026-03-18T08:21:36+01:00
mellan|2026-03-18T08:43:35+01:00
mellan|2026-03-18T09:58:24+01:00
lite|2026-03-18T10:27:43+01:00
mellan|2026-03-18T10:42:33+01:00
mycket|2026-03-18T12:12:32+01:00
mellan|2026-03-18T13:30:06+01:00
lite|2026-03-18T15:12:00+01:00
mellan|2026-03-18T18:36:50+01:00
lite|2026-03-18T18:38:36+01:00
mycket|2026-03-18T19:10:38+01:00
mellan|2026-03-18T20:44:34+01:00
mellan|2026-03-18T21:26:25+01:00
mellan|2026-03-18T21:38:31+01:00
lite|2026-03-18T22:19:27+01:00
mellan|2026-03-18T23:13:25+01:00
mellan|2026-03-18T23:40:57+01:00
mellan|2026-03-19T05:56:55+01:00
lite|2026-03-19T06:46:46+01:00
lite|2026-03-19T07:41:56+01:00
mycket|2026-03-19T07:44:43+01:00
mycket|2026-03-19T10:21:58+01:00
mellan|2026-03-19T10:32:02+01:00
lite|2026-03-19T12:53:45+01:00
lite|2026-03-19T13:47:25+01:00
lite|2026-03-19T13:52:51+01:00
mycket|2026-03-19T14:11:57+01:00
mycket|2026-03-19T14:24:58+01:00
mycket|2026-03-19T14:52:25+01:00
mellan|2026-03-19T16:29:36+01:00
mycket|2026-03-19T19:06:25+01:00
mellan|2026-03-19T20:20:26+01:00
mycket|2026-03-19T22:26:48+01:00
mycket|2026-03-19T22:34:18+01:00
mellan|2026-03-19T23:04:48+01:00
lite|2026-03-20T00:49:24+01:00
mellan|2026-03-20T04:43:34+01:00
mellan|2026-03-20T07:20:11+01:00
lite|2026-03-20T07:26:01+01:00
mycket|2026-03-20T07:48:00+01:00
mellan|2026-03-20T07:58:08+01:00
mellan|2026-03-20T08:01:38+01:00
mellan|2026-03-20T08:22:11+01:00
lite|2026-03-20T08:52:17+01:00
lite|2026-03-20T10:56:06+01:00
mellan|2026-03-20T11:34:47+01:00
mycket|2026-03-20T12:12:43+01:00
mellan|2026-03-20T13:19:28+01:00
mellan|2026-03-20T14:06:52+01:00
mellan|2026-03-20T17:12:39+01:00
lite|2026-03-20T17:15:45+01:00
mellan|2026-03-20T17:27:07+01:00
mellan|2026-03-20T19:00:24+01:00
lite|2026-03-20T19:45:42+01:00
lite|2026-03-20T19:53:40+01:00
mellan|2026-03-20T20:31:29+01:00
mellan|2026-03-20T21:10:46+01:00
mellan|2026-03-20T22:23:58+01:00
mellan|2026-03-21T01:58:37+01:00
mycket|2026-03-21T05:50:26+01:00
mycket|2026-03-21T07:20:40+01:00
lite|2026-03-21T08:20:41+01:00
mellan|2026-03-21T08:31:18+01:00
mycket|2026-03-21T08:48:56+01:00
mellan|2026-03-21T10:42:52+01:00
lite|2026-03-21T11:01:14+01:00
mycket|2026-03-21T12:15:13+01:00
mellan|2026-03-21T13:41:02+01:00
mellan|2026-03-21T14:15:39+01:00
mellan|2026-03-21T14:49:38+01:00
mycket|2026-03-21T16:11:28+01:00
mycket|2026-03-21T16:47:14+01:00
lite|2026-03-21T18:02:04+01:00
lite|2026-03-21T19:14:38+01:00
mellan|2026-03-21T19:49:44+01:00
mellan|2026-03-21T20:00:14+01:00
mellan|2026-03-21T20:07:19+01:00
lite|2026-03-21T20:28:47+01:00
mellan|2026-03-21T22:36:10+01:00
lite|2026-03-21T22:42:15+01:00
mellan|2026-03-21T23:42:30+01:00
lite|2026-03-21T23:45:34+01:00
